{
  "grains": [
    {
      "chartName": "Corn",
      "grainName": "Corn",
      "grainType": "",
      "tableFile": "no",
      "weight": 250.0,
      "offsetMR": 0.0,
      "maximumMR": 99.5,
      "calibrationPoint": 53,
      "ME1": 4.3815,
      "ME2": 0.206,
      "ME3": 8E-07,
      "TE1": -0.0489,
      "TE2": 3.7752,
      "minM": 8.0,
      "maxM": 21.0,
      "testWeight": 3.0,
      "indexMRCorrection": 31,
      "ang": 6.874228,
      "ang_x": -0.21698451,
      "ang_x2": 0.002983515,
      "ang_x3": -1.50918E-05,
      "corr": 0.0,
      "corr_x": 0.0,
      "corr_x2": 0.0,
      "corr_x3": 0.0,
      "lin": 720.186951,
      "lin_x": -23.3272247,
      "lin_x2": 0.3207469,
      "lin_x3": -0.001622463,
      "weightCurve": 250.0,
      "weightMin": -1.868,
      "weightMax": 258.25
    },
	{
      "chartName": "Corn High Moisture",
      "grainName": "Corn",
      "grainType": "High Moisture",
      "tableFile": "corn_high_moisture_tc.tbl",
      "weight": 175.0,
      "offsetMR": 0.0,
      "maximumMR": 64.5,
      "calibrationPoint": 53,
      "ME1": -1E-05,
      "ME2": 0.384,
      "ME3": 10.598,
      "TE1": -0.1206,
      "TE2": 2.4323,
      "minM": 20.0,
      "maxM": 36.4,
      "testWeight": 3.0,
      "indexMRCorrection": 20,
      "ang": 6.874228,
      "ang_x": -0.21698451,
      "ang_x2": 0.002983515,
      "ang_x3": -1.50918E-05,
      "corr": 0.0,
      "corr_x": 0.0,
      "corr_x2": 0.0,
      "corr_x3": 0.0,
      "lin": 720.186951,
      "lin_x": -23.3272247,
      "lin_x2": 0.3207469,
      "lin_x3": -0.001622463,
      "weightCurve": 175.0,
      "weightMin": -3.0504,
      "weightMax": 307.331
    },
	{
      "chartName": "Corn High Moisture Above 29%",
      "grainName": "Corn",
      "grainType": "",
      "tableFile": "no",
      "weight": 150.0,
      "offsetMR": 0.0,
      "maximumMR": 62.0,
      "calibrationPoint": 53,
      "ME1": 19.886,
      "ME2": 0.3282,
      "ME3": -1E-05,
      "TE1": -0.0239,
      "TE2": 1.8425,
      "minM": 29.0,
      "maxM": 40.0,
      "testWeight": 3.0,
      "indexMRCorrection": 34,
      "ang": 4.38370752,
      "ang_x": -0.0650773644,
      "ang_x2": 0.000426548,
      "ang_x3": -1.04164E-06,
      "corr": 0.0,
      "corr_x": 0.0,
      "corr_x2": 0.0,
      "corr_x3": 0.0,
      "lin": 337.454224,
      "lin_x": -4.80664253,
      "lin_x2": 0.031505052,
      "lin_x3": -7.69357E-05,
      "weightCurve": 150.0,
      "weightMin": -6.3574,
      "weightMax": 461.876
    },
    {
      "chartName": "Soybeans",
      "grainName": "Soybeans",
      "grainType": "",
      "tableFile": "no",
      "weight": 250.0,
      "offsetMR": 0.0,
      "maximumMR": 99.5,
      "calibrationPoint": 53,
      "ME1": 7.1817,
      "ME2": 0.1781,
      "ME3": -0.0013,
      "TE1": -0.0555,
      "TE2": 4.2791,
      "minM": 8.0,
      "maxM": 20.0,
      "testWeight": 8.0,
      "indexMRCorrection": 57,
      "ang": 8.172968,
      "ang_x": -0.3001488,
      "ang_x2": 0.004707018,
      "ang_x3": -2.66889E-05,
      "corr": 0.0,
      "corr_x": 0.0,
      "corr_x2": 0.0,
      "corr_x3": 0.0,
      "lin": 646.2054,
      "lin_x": -24.23504,
      "lin_x2": 0.380060762,
      "lin_x3": -0.002154954,
      "weightCurve": 250.0,
      "weightMin": -1.7613,
      "weightMax": 249.274
    },
    {
      "chartName": "Soybean Low Moisture",
      "grainName": "Soybeans",
      "grainType": "",
      "tableFile": "no",
      "weight": 250.0,
      "offsetMR": 10.0,
      "maximumMR": 20.0,
      "calibrationPoint": 63,
      "ME1": 6.9274,
      "ME2": 0.1159,
      "ME3": -2E-05,
      "TE1": -0.0557,
      "TE2": 4.286,
      "minM": 7.0,
      "maxM": 9.2,
      "testWeight": 8.0,
      "indexMRCorrection": 59,
      "ang": 6.99568748,
      "ang_x": -0.217566714,
      "ang_x2": 0.002860814,
      "ang_x3": -1.34818E-05,
      "corr": 0.0,
      "corr_x": 0.0,
      "corr_x2": 0.0,
      "corr_x3": 0.0,
      "lin": 355.042084,
      "lin_x": -11.4638481,
      "lin_x2": 0.154313952,
      "lin_x3": -0.000710925,
      "weightCurve": 150.0,
      "weightMin": -3.567,
      "weightMax": 152.061
    },
    {
      "chartName": "Soybeans High Moisture Above 22%",
      "grainName": "Soybeans",
      "grainType": "",
      "tableFile": "no",
      "weight": 150.0,
      "offsetMR": 0.0,
      "maximumMR": 99.5,
      "calibrationPoint": 53,
      "ME1": 17.819,
      "ME2": -0.0859,
      "ME3": 0.0082,
      "TE1": -0.0808,
      "TE2": 6.2153,
      "minM": 22.0,
      "maxM": 54.0,
      "testWeight": 8.0,
      "indexMRCorrection": 58,
      "ang": 4.1664834,
      "ang_x": -0.0812622756,
      "ang_x2": 0.000703451,
      "ang_x3": -2.28044E-06,
      "corr": 0.0,
      "corr_x": 0.0,
      "corr_x2": 0.0,
      "corr_x3": 0.0,
      "lin": 320.4153,
      "lin_x": -6.03570461,
      "lin_x2": 0.0522483923,
      "lin_x3": -0.000169378,
      "weightCurve": 180.0,
      "weightMin": -1.94,
      "weightMax": 268.109
    },
    {
      "chartName": "Wheat Hard Red Spring",
      "grainName": "Wheat Hard Red Spring",
      "grainType": "",
      "tableFile": "no",
      "weight": 250.0,
      "offsetMR": 0.0,
      "maximumMR": 99.5,
      "calibrationPoint": 53,
      "ME1": 5.5005,
      "ME2": 0.1629,
      "ME3": 0.0005,
      "TE1": -0.0516,
      "TE2": 3.9447,
      "minM": 7.0,
      "maxM": 21.0,
      "testWeight": 0.0,
      "indexMRCorrection": 68,
      "ang": 7.9691906,
      "ang_x": -0.292242169,
      "ang_x2": 0.0046779234,
      "ang_x3": -2.75987E-05,
      "corr": 0.0,
      "corr_x": 0.0,
      "corr_x2": 0.0,
      "corr_x3": 0.0,
      "lin": 641.8304,
      "lin_x": -23.36233,
      "lin_x2": 0.373961061,
      "lin_x3": -0.00220628269,
      "weightCurve": 250.0,
      "weightMin": -2.9912,
      "weightMax": 273.007
    },
    {
      "chartName": "Hard Red Winter Wheat",
      "grainName": "Hard Red Winter Wheat",
      "grainType": "",
      "tableFile": "no",
      "weight": 250.0,
      "offsetMR": 0.0,
      "maximumMR": 80.5,
      "calibrationPoint": 53,
      "ME1": 4.5476,
      "ME2": 0.2064,
      "ME3": -0.0002,
      "TE1": -0.0516,
      "TE2": 3.9447,
      "minM": 7.0,
      "maxM": 21.0,
      "testWeight": 0.0,
      "indexMRCorrection": 65,
      "ang": 8.413608,
      "ang_x": -0.3282302,
      "ang_x2": 0.005630292,
      "ang_x3": -3.58404E-05,
      "corr": 0.0,
      "corr_x": 0.0,
      "corr_x2": 0.0,
      "corr_x3": 0.0,
      "lin": 706.6326,
      "lin_x": -27.848835,
      "lin_x2": 0.477704555,
      "lin_x3": -0.00304089161,
      "weightCurve": 250.0,
      "weightMin": -3.7107,
      "weightMax": 284.705
    },
    {
      "chartName": "Soft Red Winter Wheat",
      "grainName": "Soft Red Winter Wheat",
      "grainType": "",
      "tableFile": "no",
      "weight": 250.0,
      "offsetMR": 0.0,
      "maximumMR": 79.5,
      "calibrationPoint": 53,
      "ME1": 4.7965,
      "ME2": 0.2041,
      "ME3": -0.0002,
      "TE1": -0.0479,
      "TE2": 3.6823,
      "minM": 7.0,
      "maxM": 20.0,
      "testWeight": 0.0,
      "indexMRCorrection": 67,
      "ang": 7.540354,
      "ang_x": -0.262841642,
      "ang_x2": 0.00401690044,
      "ang_x3": -2.27189E-05,
      "corr": 0.0,
      "corr_x": 0.0,
      "corr_x2": 0.0,
      "corr_x3": 0.0,
      "lin": 634.28,
      "lin_x": -22.3905983,
      "lin_x2": 0.342186272,
      "lin_x3": -0.00193534547,
      "weightCurve": 250.0,
      "weightMin": -2.745,
      "weightMax": 267.55
    },
    {
      "chartName": "Wheat Soft White",
      "grainName": "Wheat Soft White",
      "grainType": "",
      "tableFile": "no",
      "weight": 250.0,
      "offsetMR": 0.0,
      "maximumMR": 81.0,
      "calibrationPoint": 53,
      "ME1": 4.9035,
      "ME2": 0.2038,
      "ME3": -0.0001,
      "TE1": -0.0518,
      "TE2": 3.9939,
      "minM": 8.0,
      "maxM": 21.0,
      "testWeight": 0.0,
      "indexMRCorrection": 66,
      "ang": 7.499608,
      "ang_x": -0.259881049,
      "ang_x2": 0.003946386,
      "ang_x3": -2.21682E-05,
      "corr": 0.0,
      "corr_x": 0.0,
      "corr_x2": 0.0,
      "corr_x3": 0.0,
      "lin": 630.809,
      "lin_x": -22.1383953,
      "lin_x2": 0.336179376,
      "lin_x3": -0.00188843743,
      "weightCurve": 250.0,
      "weightMin": -4.391,
      "weightMax": 292.23
    },
    {
      "chartName": "Hard White Wheat",
      "grainName": "Hard White Wheat",
      "grainType": "",
      "tableFile": "no",
      "weight": 250.0,
      "offsetMR": 0.0,
      "maximumMR": 81.0,
      "calibrationPoint": 53,
      "ME1": 3.8196,
      "ME2": 0.2391,
      "ME3": -0.0005,
      "TE1": -0.0518,
      "TE2": 3.9939,
      "minM": 7.0,
      "maxM": 20.0,
      "testWeight": 0.0,
      "indexMRCorrection": 64,
      "ang": 8.880161,
      "ang_x": -0.36743477,
      "ang_x2": 0.00671695126,
      "ang_x3": -4.57769E-05,
      "corr": 0.0,
      "corr_x": 0.0,
      "corr_x2": 0.0,
      "corr_x3": 0.0,
      "lin": 721.6025,
      "lin_x": -29.769968,
      "lin_x2": 0.5442148,
      "lin_x3": -0.0037088918,
      "weightCurve": 250.0,
      "weightMin": -2.377,
      "weightMax": 264.29
    },
    {
      "chartName": "Canola",
      "grainName": "Canola",
      "grainType": "",
      "tableFile": "canola_tc.tbl",
      "weight": 250.0,
      "offsetMR": 0.0,
      "maximumMR": 78.0,
      "calibrationPoint": 53,
      "ME1": -0.0002,
      "ME2": 0.133,
      "ME3": 5.154,
      "TE1": -0.0374,
      "TE2": 0.7511,
      "minM": 5.1,
      "maxM": 14.7,
      "testWeight": -1.0,
      "indexMRCorrection": 18,
      "ang": 8.499509,
      "ang_x": -0.332420021,
      "ang_x2": 0.005674758,
      "ang_x3": -3.57041E-05,
      "corr": 0.0,
      "corr_x": 0.0,
      "corr_x2": 0.0,
      "corr_x3": 0.0,
      "lin": 623.2389,
      "lin_x": -23.3483028,
      "lin_x2": 0.398579985,
      "lin_x3": -0.002507761,
      "weightCurve": 250.0,
      "weightMin": -5.5556,
      "weightMax": 259.44
    },
    {
      "chartName": "Oats",
      "grainName": "Oats",
      "grainType": "",
      "tableFile": "no",
      "weight": 200.0,
      "offsetMR": 10.0,
      "maximumMR": 59.5,
      "calibrationPoint": 63,
      "ME1": 7.3339,
      "ME2": 0.276,
      "ME3": -0.0011,
      "TE1": -0.035,
      "TE2": 2.6923,
      "minM": 8.0,
      "maxM": 20.0,
      "testWeight": -1.0,
      "indexMRCorrection": 39,
      "ang": 9.123985,
      "ang_x": -0.3849415,
      "ang_x2": 0.007122144,
      "ang_x3": -4.87787E-05,
      "corr": 0.0,
      "corr_x": 0.0,
      "corr_x2": 0.0,
      "corr_x3": 0.0,
      "lin": 520.8731,
      "lin_x": -20.68508,
      "lin_x2": 0.38271302,
      "lin_x3": -0.002621156,
      "weightCurve": 200.0,
      "weightMin": -5.2377,
      "weightMax": 247.936
    },
    {
      "chartName": "Wheat Durum",
      "grainName": "Wheat Durum",
      "grainType": "",
      "tableFile": "no",
      "weight": 250.0,
      "offsetMR": 0.0,
      "maximumMR": 86.5,
      "calibrationPoint": 53,
      "ME1": 4.2387,
      "ME2": 0.2305,
      "ME3": -0.0008,
      "TE1": -0.0511,
      "TE2": 3.9133,
      "minM": 7.0,
      "maxM": 21.0,
      "testWeight": 0.0,
      "indexMRCorrection": 63,
      "ang": 6.87028265,
      "ang_x": -0.215277791,
      "ang_x2": 0.002919909,
      "ang_x3": -1.44872E-05,
      "corr": 0.0,
      "corr_x": 0.0,
      "corr_x2": 0.0,
      "corr_x3": 0.0,
      "lin": 527.0031,
      "lin_x": -16.2677822,
      "lin_x2": 0.220647231,
      "lin_x3": -0.001094748,
      "weightCurve": 250.0,
      "weightMin": -2.8626,
      "weightMax": 287.73
    },	
    {
      "chartName": "Alfafa Meal",
      "grainName": "Alfafa",
      "grainType": "",
      "tableFile": "no",
      "weight": 185.0,
      "offsetMR": 30.0,
      "maximumMR": 99.5,
      "calibrationPoint": 83,
      "ME1": 9.456,
      "ME2": 0.1491,
      "ME3": 0.0,
      "TE1": -0.03,
      "TE2": 2.31,
      "minM": 7.3,
      "maxM": 21.98,
      "testWeight": -1.0,
      "indexMRCorrection": -1,
      "ang": 9.131352,
      "ang_x": -0.386012375,
      "ang_x2": 0.007164069,
      "ang_x3": -4.92695E-05,
      "corr": 0.0,
      "corr_x": 0.0,
      "corr_x2": 0.0,
      "corr_x3": 0.0,
      "lin": 699.6686,
      "lin_x": -29.7254,
      "lin_x2": 0.5516787,
      "lin_x3": -0.003794063,
      "weightCurve": 225.0,
      "weightMin": -3.561,
      "weightMax": 280.124
    },
    {
      "chartName": "Barley Six-Rowed",
      "grainName": "Barley",
      "grainType": "",
      "tableFile": "no",
      "weight": 225.0,
      "offsetMR": 0.0,
      "maximumMR": 79.5,
      "calibrationPoint": 53,
      "ME1": 7.024,
      "ME2": 0.3004,
      "ME3": -0.0018,
      "TE1": -0.0445,
      "TE2": 3.4274,
      "minM": 7.62,
      "maxM": 20.74,
      "testWeight": 1.0,
      "indexMRCorrection": 0,
      "ang": 9.131352,
      "ang_x": -0.386012375,
      "ang_x2": 0.007164069,
      "ang_x3": -4.92695E-05,
      "corr": 0.0,
      "corr_x": 0.0,
      "corr_x2": 0.0,
      "corr_x3": 0.0,
      "lin": 699.6686,
      "lin_x": -29.7254,
      "lin_x2": 0.5516787,
      "lin_x3": -0.003794063,
      "weightCurve": 225.0,
      "weightMin": -3.561,
      "weightMax": 280.124
    },
    {
      "chartName": "Barley Two-Rowed",
      "grainName": "Barley",
      "grainType": "",
      "tableFile": "no",
      "weight": 225.0,
      "offsetMR": 0.0,
      "maximumMR": 63.0,
      "calibrationPoint": 53,
      "ME1": 7.5494,
      "ME2": 0.251,
      "ME3": -0.0009,
      "TE1": -0.0445,
      "TE2": 3.4274,
      "minM": 7.92,
      "maxM": 19.97,
      "testWeight": 1.0,
      "indexMRCorrection": 1,
      "ang": 9.131352,
      "ang_x": -0.386012375,
      "ang_x2": 0.007164069,
      "ang_x3": -4.92695E-05,
      "corr": 0.0,
      "corr_x": 0.0,
      "corr_x2": 0.0,
      "corr_x3": 0.0,
      "lin": 699.6686,
      "lin_x": -29.7254,
      "lin_x2": 0.5516787,
      "lin_x3": -0.003794063,
      "weightCurve": 225.0,
      "weightMin": -3.561,
      "weightMax": 280.124
    },
    {
      "chartName": "Rolled Barley",
      "grainName": "Barley",
      "grainType": "",
      "tableFile": "no",
      "weight": 250.0,
      "offsetMR": 0.0,
      "maximumMR": 99.5,
      "calibrationPoint": 53,
      "ME1": 1.8178,
      "ME2": 0.184,
      "ME3": -3E-07,
      "TE1": -0.0851,
      "TE2": 6.5503,
      "minM": 2.0,
      "maxM": 20.13,
      "testWeight": -1.0,
      "indexMRCorrection": -1,
      "ang": 9.131352,
      "ang_x": -0.386012375,
      "ang_x2": 0.007164069,
      "ang_x3": -4.92695E-05,
      "corr": 0.0,
      "corr_x": 0.0,
      "corr_x2": 0.0,
      "corr_x3": 0.0,
      "lin": 699.6686,
      "lin_x": -29.7254,
      "lin_x2": 0.5516787,
      "lin_x3": -0.003794063,
      "weightCurve": 225.0,
      "weightMin": -3.561,
      "weightMax": 280.124
    },
    {
      "chartName": "Black Beans",
      "grainName": "Beans",
      "grainType": "",
      "tableFile": "no",
      "weight": 250.0,
      "offsetMR": 0.0,
      "maximumMR": 82.5,
      "calibrationPoint": 53,
      "ME1": 6.0042,
      "ME2": 0.2727,
      "ME3": -0.0025,
      "TE1": -0.063,
      "TE2": 4.87,
      "minM": 8.0,
      "maxM": 20.0,
      "testWeight": -1.0,
      "indexMRCorrection": 6,
      "ang": 7.98655272,
      "ang_x": -0.292914331,
      "ang_x2": 0.004680096,
      "ang_x3": -2.75116E-05,
      "corr": 0.0,
      "corr_x": 0.0,
      "corr_x2": 0.0,
      "corr_x3": 0.0,
      "lin": 628.6762,
      "lin_x": -23.1522064,
      "lin_x2": 0.369918883,
      "lin_x3": -0.002174542,
      "weightCurve": 250.0,
      "weightMin": -2.988,
      "weightMax": 278.413
    },
    {
      "chartName": "Flat Small White Beans",
      "grainName": "Beans",
      "grainType": "",
      "tableFile": "no",
      "weight": 250.0,
      "offsetMR": 0.0,
      "maximumMR": 76.0,
      "calibrationPoint": 53,
      "ME1": 6.9833,
      "ME2": 0.2312,
      "ME3": -0.0018,
      "TE1": -0.0719,
      "TE2": 5.5379,
      "minM": 7.2,
      "maxM": 20.0,
      "testWeight": -1.0,
      "indexMRCorrection": -1,
      "ang": 9.131352,
      "ang_x": -0.386012375,
      "ang_x2": 0.007164069,
      "ang_x3": -4.92695E-05,
      "corr": 0.0,
      "corr_x": 0.0,
      "corr_x2": 0.0,
      "corr_x3": 0.0,
      "lin": 699.6686,
      "lin_x": -29.7254,
      "lin_x2": 0.5516787,
      "lin_x3": -0.003794063,
      "weightCurve": 225.0,
      "weightMin": -3.561,
      "weightMax": 280.124
    },
    {
      "chartName": "Cranberry Lima Beans",
      "grainName": "Beans",
      "grainType": "",
      "tableFile": "no",
      "weight": 250.0,
      "offsetMR": 0.0,
      "maximumMR": 99.5,
      "calibrationPoint": 53,
      "ME1": 7.7419,
      "ME2": 0.1479,
      "ME3": 4E-08,
      "TE1": -0.0576,
      "TE2": 4.4401,
      "minM": 7.9,
      "maxM": 22.5,
      "testWeight": -1.0,
      "indexMRCorrection": 17,
      "ang": 6.891592,
      "ang_x": -0.217383951,
      "ang_x2": 0.002977953,
      "ang_x3": -1.4967E-05,
      "corr": 0.0,
      "corr_x": 0.0,
      "corr_x2": 0.0,
      "corr_x3": 0.0,
      "lin": 511.1748,
      "lin_x": -15.8475533,
      "lin_x2": 0.217096359,
      "lin_x3": -0.001091113,
      "weightCurve": 200.0,
      "weightMin": -5.741,
      "weightMax": 330.565
    },
    {
      "chartName": "Great Northern Beans",
      "grainName": "Beans",
      "grainType": "",
      "tableFile": "no",
      "weight": 250.0,
      "offsetMR": 0.0,
      "maximumMR": 83.5,
      "calibrationPoint": 53,
      "ME1": 6.6964,
      "ME2": 0.25,
      "ME3": -0.0025,
      "TE1": -0.0543,
      "TE2": 4.1785,
      "minM": 8.0,
      "maxM": 20.0,
      "testWeight": -1.0,
      "indexMRCorrection": 23,
      "ang": 8.569821,
      "ang_x": -0.338702261,
      "ang_x2": 0.005855496,
      "ang_x3": -3.73835E-05,
      "corr": 0.0,
      "corr_x": 0.0,
      "corr_x2": 0.0,
      "corr_x3": 0.0,
      "lin": 676.8101,
      "lin_x": -26.892128,
      "lin_x2": 0.464911968,
      "lin_x3": -0.002968162,
      "weightCurve": 250.0,
      "weightMin": -3.679,
      "weightMax": 286.307
    },
    {
      "chartName": "Pea (Navy) Beans",
      "grainName": "Beans",
      "grainType": "",
      "tableFile": "no",
      "weight": 250.0,
      "offsetMR": 0.0,
      "maximumMR": 79.5,
      "calibrationPoint": 53,
      "ME1": 6.7396,
      "ME2": 0.2622,
      "ME3": -0.0023,
      "TE1": -0.0579,
      "TE2": 4.4521,
      "minM": 8.0,
      "maxM": 20.0,
      "testWeight": -1.0,
      "indexMRCorrection": 13,
      "ang": 8.431333,
      "ang_x": -0.327383637,
      "ang_x2": 0.005553071,
      "ang_x3": -3.47409E-05,
      "corr": 0.0,
      "corr_x": 0.0,
      "corr_x2": 0.0,
      "corr_x3": 0.0,
      "lin": 604.534546,
      "lin_x": -22.264883,
      "lin_x2": 0.377656221,
      "lin_x3": -0.002362676,
      "weightCurve": 250.0,
      "weightMin": -5.719,
      "weightMax": 313.794
    },
    {
      "chartName": "Pinto Beans",
      "grainName": "Beans",
      "grainType": "",
      "tableFile": "no",
      "weight": 250.0,
      "offsetMR": 0.0,
      "maximumMR": 85.0,
      "calibrationPoint": 53,
      "ME1": 7.7205,
      "ME2": 0.1444,
      "ME3": 4E-07,
      "TE1": -0.0562,
      "TE2": 4.3249,
      "minM": 8.0,
      "maxM": 20.0,
      "testWeight": -1.0,
      "indexMRCorrection": 11,
      "ang": 8.192616,
      "ang_x": -0.308021754,
      "ang_x2": 0.005042001,
      "ang_x3": -3.03477E-05,
      "corr": 0.0,
      "corr_x": 0.0,
      "corr_x2": 0.0,
      "corr_x3": 0.0,
      "lin": 618.590942,
      "lin_x": -22.69929,
      "lin_x2": 0.37156412,
      "lin_x3": -0.002236438,
      "weightCurve": 250.0,
      "weightMin": -4.387,
      "weightMax": 305.033
    },
    {
      "chartName": "Small Red Beans",
      "grainName": "Beans",
      "grainType": "",
      "tableFile": "no",
      "weight": 250.0,
      "offsetMR": 0.0,
      "maximumMR": 87.5,
      "calibrationPoint": 53,
      "ME1": 6.9296,
      "ME2": 0.2228,
      "ME3": -0.0016,
      "TE1": -0.0481,
      "TE2": 3.7037,
      "minM": 8.0,
      "maxM": 20.0,
      "testWeight": -1.0,
      "indexMRCorrection": 26,
      "ang": 7.72217751,
      "ang_x": -0.272307277,
      "ang_x2": 0.004161188,
      "ang_x3": -2.3284E-05,
      "corr": 0.0,
      "corr_x": 0.0,
      "corr_x2": 0.0,
      "corr_x3": 0.0,
      "lin": 613.633667,
      "lin_x": -21.6753368,
      "lin_x2": 0.331225634,
      "lin_x3": -0.001853383,
      "weightCurve": 250.0,
      "weightMin": -3.431,
      "weightMax": 284.597
    },
    {
      "chartName": "Black Eye Beans",
      "grainName": "Beans",
      "grainType": "",
      "tableFile": "no",
      "weight": 250.0,
      "offsetMR": 0.0,
      "maximumMR": 80.5,
      "calibrationPoint": 53,
      "ME1": 5.2658,
      "ME2": 0.2916,
      "ME3": -0.0033,
      "TE1": -0.0562,
      "TE2": 4.3291,
      "minM": 8.0,
      "maxM": 18.0,
      "testWeight": -1.0,
      "indexMRCorrection": 4,
      "ang": 8.16175652,
      "ang_x": -0.3077492,
      "ang_x2": 0.005084318,
      "ang_x3": -3.10679E-05,
      "corr": 0.0,
      "corr_x": 0.0,
      "corr_x2": 0.0,
      "corr_x3": 0.0,
      "lin": 612.985657,
      "lin_x": -22.5008221,
      "lin_x2": 0.3717356,
      "lin_x3": -0.002271503,
      "weightCurve": 250.0,
      "weightMin": -5.596,
      "weightMax": 312.065
    },
    {
      "chartName": "Baby Lima Beans",
      "grainName": "Beans",
      "grainType": "",
      "tableFile": "no",
      "weight": 250.0,
      "offsetMR": 0.0,
      "maximumMR": 66.0,
      "calibrationPoint": 53,
      "ME1": 7.9071,
      "ME2": 0.1532,
      "ME3": -1E-06,
      "TE1": -0.0577,
      "TE2": 4.4404,
      "minM": 8.0,
      "maxM": 18.0,
      "testWeight": -1.0,
      "indexMRCorrection": 2,
      "ang": 9.327159,
      "ang_x": -0.4012357,
      "ang_x2": 0.007550445,
      "ang_x3": -5.24732E-05,
      "corr": 0.0,
      "corr_x": 0.0,
      "corr_x2": 0.0,
      "corr_x3": 0.0,
      "lin": 684.1276,
      "lin_x": -28.7140846,
      "lin_x2": 0.540341,
      "lin_x3": -0.003755198,
      "weightCurve": 250.0,
      "weightMin": -4.393,
      "weightMax": 277.127
    },
    {
      "chartName": "Large Lima Beans",
      "grainName": "Beans",
      "grainType": "",
      "tableFile": "no",
      "weight": 250.0,
      "offsetMR": 0.0,
      "maximumMR": 52.0,
      "calibrationPoint": 53,
      "ME1": 9.0665,
      "ME2": 0.1414,
      "ME3": -7E-06,
      "TE1": -0.0511,
      "TE2": 3.9144,
      "minM": 9.0,
      "maxM": 16.0,
      "testWeight": -1.0,
      "indexMRCorrection": 3,
      "ang": 10.2959538,
      "ang_x": -0.4919043,
      "ang_x2": 0.0103413593,
      "ang_x3": -8.07381E-05,
      "corr": 0.0,
      "corr_x": 0.0,
      "corr_x2": 0.0,
      "corr_x3": 0.0,
      "lin": 816.9705,
      "lin_x": -39.72039,
      "lin_x2": 0.8350462,
      "lin_x3": -0.006519454,
      "weightCurve": 250.0,
      "weightMin": -5.257,
      "weightMax": 286.523
    },
    {
      "chartName": "Garbanzo Beans",
      "grainName": "Beans",
      "grainType": "",
      "tableFile": "no",
      "weight": 250.0,
      "offsetMR": 0.0,
      "maximumMR": 77.5,
      "calibrationPoint": 53,
      "ME1": 6.8003,
      "ME2": 0.2353,
      "ME3": -0.0018,
      "TE1": -0.0515,
      "TE2": 3.9487,
      "minM": 7.0,
      "maxM": 20.0,
      "testWeight": -1.0,
      "indexMRCorrection": 22,
      "ang": 8.551969,
      "ang_x": -0.336322516,
      "ang_x2": 0.005769668,
      "ang_x3": -3.64599E-05,
      "corr": 0.0,
      "corr_x": 0.0,
      "corr_x2": 0.0,
      "corr_x3": 0.0,
      "lin": 621.3629,
      "lin_x": -23.0763569,
      "lin_x2": 0.395878673,
      "lin_x3": -0.002501654,
      "weightCurve": 250.0,
      "weightMin": -3.8097,
      "weightMax": 285.83
    },
    {
      "chartName": "Pink Beans",
      "grainName": "Beans",
      "grainType": "",
      "tableFile": "no",
      "weight": 250.0,
      "offsetMR": 0.0,
      "maximumMR": 99.5,
      "calibrationPoint": 53,
      "ME1": 6.6634,
      "ME2": 0.245,
      "ME3": -0.0024,
      "TE1": -0.05,
      "TE2": 3.86,
      "minM": 8.0,
      "maxM": 20.0,
      "testWeight": -1.0,
      "indexMRCorrection": 24,
      "ang": 7.813237,
      "ang_x": -0.2779544,
      "ang_x2": 0.00427344,
      "ang_x3": -2.40007E-05,
      "corr": 0.0,
      "corr_x": 0.0,
      "corr_x2": 0.0,
      "corr_x3": 0.0,
      "lin": 577.1788,
      "lin_x": -20.0178223,
      "lin_x2": 0.3077662,
      "lin_x3": -0.001728491,
      "weightCurve": 250.0,
      "weightMin": -4.613,
      "weightMax": 294.534
    },
    {
      "chartName": "Light Red Kidney Beans",
      "grainName": "Beans",
      "grainType": "",
      "tableFile": "no",
      "weight": 250.0,
      "offsetMR": 0.0,
      "maximumMR": 80.5,
      "calibrationPoint": 53,
      "ME1": 7.0223,
      "ME2": 0.2078,
      "ME3": -0.0011,
      "TE1": -0.0622,
      "TE2": 4.7908,
      "minM": 8.0,
      "maxM": 20.0,
      "testWeight": -1.0,
      "indexMRCorrection": 15,
      "ang": 7.72217751,
      "ang_x": -0.272307277,
      "ang_x2": 0.004161188,
      "ang_x3": -2.3284E-05,
      "corr": 0.0,
      "corr_x": 0.0,
      "corr_x2": 0.0,
      "corr_x3": 0.0,
      "lin": 613.633667,
      "lin_x": -21.6753368,
      "lin_x2": 0.331225634,
      "lin_x3": -0.001853383,
      "weightCurve": 250.0,
      "weightMin": -3.431,
      "weightMax": 284.597
    },
    {
      "chartName": "Dark Red Kidney Beans",
      "grainName": "Beans",
      "grainType": "",
      "tableFile": "no",
      "weight": 250.0,
      "offsetMR": 0.0,
      "maximumMR": 82.5,
      "calibrationPoint": 53,
      "ME1": 6.7219,
      "ME2": 0.2349,
      "ME3": -0.0018,
      "TE1": -0.0605,
      "TE2": 4.6595,
      "minM": 8.0,
      "maxM": 20.0,
      "testWeight": -1.0,
      "indexMRCorrection": 19,
      "ang": 7.72217751,
      "ang_x": -0.272307277,
      "ang_x2": 0.004161188,
      "ang_x3": -2.3284E-05,
      "corr": 0.0,
      "corr_x": 0.0,
      "corr_x2": 0.0,
      "corr_x3": 0.0,
      "lin": 613.633667,
      "lin_x": -21.6753368,
      "lin_x2": 0.331225634,
      "lin_x3": -0.001853383,
      "weightCurve": 250.0,
      "weightMin": -3.431,
      "weightMax": 284.597
    },
    {
      "chartName": "Small White Beans",
      "grainName": "Beans",
      "grainType": "",
      "tableFile": "no",
      "weight": 250.0,
      "offsetMR": 0.0,
      "maximumMR": 91.0,
      "calibrationPoint": 53,
      "ME1": 6.6589,
      "ME2": 0.2502,
      "ME3": -0.0022,
      "TE1": -0.055,
      "TE2": 4.2479,
      "minM": 8.0,
      "maxM": 20.0,
      "testWeight": -1.0,
      "indexMRCorrection": 9,
      "ang": 8.569821,
      "ang_x": -0.338702261,
      "ang_x2": 0.005855496,
      "ang_x3": -3.73835E-05,
      "corr": 0.0,
      "corr_x": 0.0,
      "corr_x2": 0.0,
      "corr_x3": 0.0,
      "lin": 676.8101,
      "lin_x": -26.892128,
      "lin_x2": 0.464911968,
      "lin_x3": -0.002968162,
      "weightCurve": 250.0,
      "weightMin": -3.679,
      "weightMax": 286.307
    },
    {
      "chartName": "Lentils",
      "grainName": "Lentils",
      "grainType": "",
      "tableFile": "no",
      "weight": 250.0,
      "offsetMR": 0.0,
      "maximumMR": 62.0,
      "calibrationPoint": 53,
      "ME1": 5.8108,
      "ME2": 0.3015,
      "ME3": -0.0041,
      "TE1": -0.0479,
      "TE2": 3.6736,
      "minM": 8.0,
      "maxM": 17.0,
      "testWeight": -1.0,
      "indexMRCorrection": 38,
      "ang": 9.586585,
      "ang_x": -0.426248848,
      "ang_x2": 0.008335618,
      "ang_x3": -6.05085E-05,
      "corr": 0.0,
      "corr_x": 0.0,
      "corr_x2": 0.0,
      "corr_x3": 0.0,
      "lin": 724.574341,
      "lin_x": -32.4374275,
      "lin_x2": 0.6343384,
      "lin_x3": -0.004604681,
      "weightCurve": 250.0,
      "weightMin": -4.116,
      "weightMax": 271.495
    },
    {
      "chartName": "Marrow Beans",
      "grainName": "Beans",
      "grainType": "",
      "tableFile": "no",
      "weight": 250.0,
      "offsetMR": 0.0,
      "maximumMR": 99.5,
      "calibrationPoint": 53,
      "ME1": 7.7444,
      "ME2": 0.1745,
      "ME3": 1E-07,
      "TE1": -0.06,
      "TE2": 4.31,
      "minM": 8.0,
      "maxM": 25.0,
      "testWeight": -1.0,
      "indexMRCorrection": -1,
      "ang": 9.131352,
      "ang_x": -0.386012375,
      "ang_x2": 0.007164069,
      "ang_x3": -4.92695E-05,
      "corr": 0.0,
      "corr_x": 0.0,
      "corr_x2": 0.0,
      "corr_x3": 0.0,
      "lin": 699.6686,
      "lin_x": -29.7254,
      "lin_x2": 0.5516787,
      "lin_x3": -0.003794063,
      "weightCurve": 225.0,
      "weightMin": -3.561,
      "weightMax": 280.124
    },
    {
      "chartName": "Yelloweye Beans",
      "grainName": "Beans",
      "grainType": "",
      "tableFile": "no",
      "weight": 250.0,
      "offsetMR": 0.0,
      "maximumMR": 78.0,
      "calibrationPoint": 53,
      "ME1": 7.4473,
      "ME2": 0.1869,
      "ME3": -0.0003,
      "TE1": -0.0624,
      "TE2": 4.8173,
      "minM": 8.0,
      "maxM": 20.0,
      "testWeight": -1.0,
      "indexMRCorrection": 5,
      "ang": 9.327159,
      "ang_x": -0.4012357,
      "ang_x2": 0.007550445,
      "ang_x3": -5.24732E-05,
      "corr": 0.0,
      "corr_x": 0.0,
      "corr_x2": 0.0,
      "corr_x3": 0.0,
      "lin": 684.1276,
      "lin_x": -28.7140846,
      "lin_x2": 0.540341,
      "lin_x3": -0.003755198,
      "weightCurve": 250.0,
      "weightMin": -4.393,
      "weightMax": 277.127
    },
    {
      "chartName": "Yelloweye Beans High Moist",
      "grainName": "Beans",
      "grainType": "",
      "tableFile": "no",
      "weight": 150.0,
      "offsetMR": 0.0,
      "maximumMR": 99.5,
      "calibrationPoint": 53,
      "ME1": 16.838,
      "ME2": 0.2214,
      "ME3": -7E-07,
      "TE1": -0.051,
      "TE2": 3.6686,
      "minM": 20.0,
      "maxM": 39.0,
      "testWeight": -1.0,
      "indexMRCorrection": -1,
      "ang": 9.131352,
      "ang_x": -0.386012375,
      "ang_x2": 0.007164069,
      "ang_x3": -4.92695E-05,
      "corr": 0.0,
      "corr_x": 0.0,
      "corr_x2": 0.0,
      "corr_x3": 0.0,
      "lin": 699.6686,
      "lin_x": -29.7254,
      "lin_x2": 0.5516787,
      "lin_x3": -0.003794063,
      "weightCurve": 225.0,
      "weightMin": -3.561,
      "weightMax": 280.124
    },
    {
      "chartName": "Mung Beans",
      "grainName": "Beans",
      "grainType": "",
      "tableFile": "no",
      "weight": 250.0,
      "offsetMR": 0.0,
      "maximumMR": 99.5,
      "calibrationPoint": 53,
      "ME1": 8.13,
      "ME2": 0.1526,
      "ME3": -5E-07,
      "TE1": -0.0624,
      "TE2": 4.8159,
      "minM": 8.0,
      "maxM": 23.0,
      "testWeight": -1.0,
      "indexMRCorrection": -1,
      "ang": 9.131352,
      "ang_x": -0.386012375,
      "ang_x2": 0.007164069,
      "ang_x3": -4.92695E-05,
      "corr": 0.0,
      "corr_x": 0.0,
      "corr_x2": 0.0,
      "corr_x3": 0.0,
      "lin": 699.6686,
      "lin_x": -29.7254,
      "lin_x2": 0.5516787,
      "lin_x3": -0.003794063,
      "weightCurve": 225.0,
      "weightMin": -3.561,
      "weightMax": 280.124
    },
    {
      "chartName": "Kidney Beans High Moist",
      "grainName": "Beans",
      "grainType": "",
      "tableFile": "no",
      "weight": 150.0,
      "offsetMR": 0.0,
      "maximumMR": 99.5,
      "calibrationPoint": 53,
      "ME1": 16.476,
      "ME2": 0.2259,
      "ME3": 2E-06,
      "TE1": -0.0534,
      "TE2": 3.8467,
      "minM": 20.0,
      "maxM": 39.0,
      "testWeight": -1.0,
      "indexMRCorrection": 8,
      "ang": 7.72217751,
      "ang_x": -0.272307277,
      "ang_x2": 0.004161188,
      "ang_x3": -2.3284E-05,
      "corr": 0.0,
      "corr_x": 0.0,
      "corr_x2": 0.0,
      "corr_x3": 0.0,
      "lin": 613.633667,
      "lin_x": -21.6753368,
      "lin_x2": 0.331225634,
      "lin_x3": -0.001853383,
      "weightCurve": 250.0,
      "weightMin": -3.431,
      "weightMax": 284.597
    },
    {
      "chartName": "Coffee Green Beans",
      "grainName": "Coffee",
      "grainType": "",
      "tableFile": "no",
      "weight": 250.0,
      "offsetMR": 0.0,
      "maximumMR": 99.5,
      "calibrationPoint": 53,
      "ME1": 7.7766,
      "ME2": 0.1263,
      "ME3": 5E-07,
      "TE1": -0.0565,
      "TE2": 4.0645,
      "minM": 8.0,
      "maxM": 20.0,
      "testWeight": -1.0,
      "indexMRCorrection": 29,
      "ang": 8.590115,
      "ang_x": -0.3355384,
      "ang_x2": 0.005657468,
      "ang_x3": -3.48083E-05,
      "corr": 0.0,
      "corr_x": 0.0,
      "corr_x2": 0.0,
      "corr_x3": 0.0,
      "lin": 589.545654,
      "lin_x": -21.858614,
      "lin_x2": 0.368555158,
      "lin_x3": -0.002267584,
      "weightCurve": 250.0,
      "weightMin": -3.9588,
      "weightMax": 259.671
    },
    {
      "chartName": "Parchment Coffee",
      "grainName": "Coffee",
      "grainType": "",
      "tableFile": "no",
      "weight": 175.0,
      "offsetMR": 10.0,
      "maximumMR": 99.5,
      "calibrationPoint": 63,
      "ME1": 3.8041,
      "ME2": 0.565,
      "ME3": -2E-06,
      "TE1": -0.09,
      "TE2": 6.93,
      "minM": 4.0,
      "maxM": 60.0,
      "testWeight": -1.0,
      "indexMRCorrection": 30,
      "ang": 9.12616,
      "ang_x": -0.376133263,
      "ang_x2": 0.006649881,
      "ang_x3": -4.26699E-05,
      "corr": 0.0,
      "corr_x": 0.0,
      "corr_x2": 0.0,
      "corr_x3": 0.0,
      "lin": 604.7529,
      "lin_x": -24.1441135,
      "lin_x2": 0.426857948,
      "lin_x3": -0.002738992,
      "weightCurve": 130.0,
      "weightMin": -2.285,
      "weightMax": 179.367
    },
    {
      "chartName": "Buckwheat",
      "grainName": "Buckwheat",
      "grainType": "",
      "tableFile": "no",
      "weight": 250.0,
      "offsetMR": 0.0,
      "maximumMR": 99.5,
      "calibrationPoint": 53,
      "ME1": 5.8976,
      "ME2": 0.2088,
      "ME3": -0.0003,
      "TE1": -0.0395,
      "TE2": 2.8247,
      "minM": 6.0,
      "maxM": 24.0,
      "testWeight": -1.0,
      "indexMRCorrection": 27,
      "ang": 8.06436348,
      "ang_x": -0.29553315,
      "ang_x2": 0.004672218,
      "ang_x3": -2.69401E-05,
      "corr": 0.0,
      "corr_x": 0.0,
      "corr_x2": 0.0,
      "corr_x3": 0.0,
      "lin": 559.5227,
      "lin_x": -19.7263241,
      "lin_x2": 0.311862439,
      "lin_x3": -0.001798202,
      "weightCurve": 220.0,
      "weightMin": -2.4626,
      "weightMax": 225.73
    },
    {
      "chartName": "Broken Corn & Foreign Material",
      "grainName": "Corn",
      "grainType": "",
      "tableFile": "no",
      "weight": 250.0,
      "offsetMR": 0.0,
      "maximumMR": 99.5,
      "calibrationPoint": 53,
      "ME1": 4.2639,
      "ME2": 0.223,
      "ME3": -0.0011,
      "TE1": -0.038,
      "TE2": 2.919,
      "minM": 7.0,
      "maxM": 12.0,
      "testWeight": -1.0,
      "indexMRCorrection": -1,
      "ang": 9.131352,
      "ang_x": -0.386012375,
      "ang_x2": 0.007164069,
      "ang_x3": -4.92695E-05,
      "corr": 0.0,
      "corr_x": 0.0,
      "corr_x2": 0.0,
      "corr_x3": 0.0,
      "lin": 699.6686,
      "lin_x": -29.7254,
      "lin_x2": 0.5516787,
      "lin_x3": -0.003794063,
      "weightCurve": 225.0,
      "weightMin": -3.561,
      "weightMax": 280.124
    },
    {
      "chartName": "Corn Cob (Ground)",
      "grainName": "Corn",
      "grainType": "",
      "tableFile": "no",
      "weight": 150.0,
      "offsetMR": 0.0,
      "maximumMR": 84.0,
      "calibrationPoint": 53,
      "ME1": 3.9983,
      "ME2": 0.2144,
      "ME3": 2E-05,
      "TE1": -0.0523,
      "TE2": 4.0231,
      "minM": 4.0,
      "maxM": 22.0,
      "testWeight": -1.0,
      "indexMRCorrection": -1,
      "ang": 9.131352,
      "ang_x": -0.386012375,
      "ang_x2": 0.007164069,
      "ang_x3": -4.92695E-05,
      "corr": 0.0,
      "corr_x": 0.0,
      "corr_x2": 0.0,
      "corr_x3": 0.0,
      "lin": 699.6686,
      "lin_x": -29.7254,
      "lin_x2": 0.5516787,
      "lin_x3": -0.003794063,
      "weightCurve": 225.0,
      "weightMin": -3.561,
      "weightMax": 280.124
    },
    {
      "chartName": "Corn Meal",
      "grainName": "Corn",
      "grainType": "",
      "tableFile": "no",
      "weight": 200.0,
      "offsetMR": 0.0,
      "maximumMR": 99.5,
      "calibrationPoint": 53,
      "ME1": 6.5733,
      "ME2": 0.3056,
      "ME3": 2E-08,
      "TE1": -0.0434,
      "TE2": 3.3461,
      "minM": 7.0,
      "maxM": 37.0,
      "testWeight": -1.0,
      "indexMRCorrection": -1,
      "ang": 9.131352,
      "ang_x": -0.386012375,
      "ang_x2": 0.007164069,
      "ang_x3": -4.92695E-05,
      "corr": 0.0,
      "corr_x": 0.0,
      "corr_x2": 0.0,
      "corr_x3": 0.0,
      "lin": 699.6686,
      "lin_x": -29.7254,
      "lin_x2": 0.5516787,
      "lin_x3": -0.003794063,
      "weightCurve": 225.0,
      "weightMin": -3.561,
      "weightMax": 280.124
    },
    {
      "chartName": "Rolled Flake Corn",
      "grainName": "Corn",
      "grainType": "",
      "tableFile": "no",
      "weight": 175.0,
      "offsetMR": 0.0,
      "maximumMR": 99.5,
      "calibrationPoint": 43,
      "ME1": 15.022,
      "ME2": 0.187,
      "ME3": -1E-06,
      "TE1": -0.04,
      "TE2": 3.08,
      "minM": 15.0,
      "maxM": 33.0,
      "testWeight": -1.0,
      "indexMRCorrection": -1,
      "ang": 9.131352,
      "ang_x": -0.386012375,
      "ang_x2": 0.007164069,
      "ang_x3": -4.92695E-05,
      "corr": 0.0,
      "corr_x": 0.0,
      "corr_x2": 0.0,
      "corr_x3": 0.0,
      "lin": 699.6686,
      "lin_x": -29.7254,
      "lin_x2": 0.5516787,
      "lin_x3": -0.003794063,
      "weightCurve": 225.0,
      "weightMin": -3.561,
      "weightMax": 280.124
    },
    {
      "chartName": "Corn Cob (Ground) 1/8 Grind",
      "grainName": "Corn",
      "grainType": "",
      "tableFile": "no",
      "weight": 100.0,
      "offsetMR": 20.0,
      "maximumMR": 99.5,
      "calibrationPoint": 73,
      "ME1": 9.5376,
      "ME2": 0.21,
      "ME3": 3E-07,
      "TE1": -0.0221,
      "TE2": 1.6959,
      "minM": 10.0,
      "maxM": 30.0,
      "testWeight": -1.0,
      "indexMRCorrection": -1,
      "ang": 9.131352,
      "ang_x": -0.386012375,
      "ang_x2": 0.007164069,
      "ang_x3": -4.92695E-05,
      "corr": 0.0,
      "corr_x": 0.0,
      "corr_x2": 0.0,
      "corr_x3": 0.0,
      "lin": 699.6686,
      "lin_x": -29.7254,
      "lin_x2": 0.5516787,
      "lin_x3": -0.003794063,
      "weightCurve": 225.0,
      "weightMin": -3.561,
      "weightMax": 280.124
    },
    {
      "chartName": "Yellow Popcorn",
      "grainName": "Corn",
      "grainType": "",
      "tableFile": "no",
      "weight": 250.0,
      "offsetMR": 0.0,
      "maximumMR": 99.5,
      "calibrationPoint": 53,
      "ME1": 2.3361,
      "ME2": 0.2451,
      "ME3": -1E-05,
      "TE1": -0.0488,
      "TE2": 3.5185,
      "minM": 3.0,
      "maxM": 27.0,
      "testWeight": 3.0,
      "indexMRCorrection": 36,
      "ang": 8.173466,
      "ang_x": -0.30477196,
      "ang_x2": 0.004920322,
      "ang_x3": -2.90636E-05,
      "corr": 0.0,
      "corr_x": 0.0,
      "corr_x2": 0.0,
      "corr_x3": 0.0,
      "lin": 602.2369,
      "lin_x": -21.5092525,
      "lin_x2": 0.3472513,
      "lin_x3": -0.002051162,
      "weightCurve": 250.0,
      "weightMin": -3.154,
      "weightMax": 293.247
    },
    {
      "chartName": "White Popcorn",
      "grainName": "Corn",
      "grainType": "",
      "tableFile": "no",
      "weight": 250.0,
      "offsetMR": 0.0,
      "maximumMR": 99.5,
      "calibrationPoint": 53,
      "ME1": 4.1325,
      "ME2": 0.2238,
      "ME3": -2E-05,
      "TE1": -0.0488,
      "TE2": 3.5185,
      "minM": 3.0,
      "maxM": 27.0,
      "testWeight": 3.0,
      "indexMRCorrection": 35,
      "ang": 7.805876,
      "ang_x": -0.280327976,
      "ang_x2": 0.004393448,
      "ang_x3": -2.53739E-05,
      "corr": 0.0,
      "corr_x": 0.0,
      "corr_x2": 0.0,
      "corr_x3": 0.0,
      "lin": 590.761047,
      "lin_x": -20.5797272,
      "lin_x2": 0.3225363,
      "lin_x3": -0.001862776,
      "weightCurve": 250.0,
      "weightMin": -3.092,
      "weightMax": 285.788
    },
    {
      "chartName": "Flaxseed",
      "grainName": "Flaxseed",
      "grainType": "",
      "tableFile": "flaxseed_tc.tbl",
      "weight": 225.0,
      "calibrationPoint": 53,
      "offsetMR": 0.0,
      "maximumMR": 70.5,
      "ME1": -0.0005,
      "ME2": 0.1527,
      "ME3": 6.6412,
      "TE1": -0.0755,
      "TE2": 1.5075,
      "minM": 6.2,
      "maxM": 15.8,
      "testWeight": 4.0,
      "indexMRCorrection": 23,
      "ang": 8.584734,
      "ang_x": -0.33953768,
      "ang_x2": 0.005868498,
      "ang_x3": -3.74237E-05,
      "corr": 0.0,
      "corr_x": 0.0,
      "corr_x2": 0.0,
      "corr_x3": 0.0,
      "lin": 603.921753,
      "lin_x": -23.3349152,
      "lin_x2": 0.403315783,
      "lin_x3": -0.002571965,
      "weightCurve": 225.0,
      "weightMin": -1.7671,
      "weightMax": 253.19
    },
    {
      "chartName": "Mustard Yellow Seed",
      "grainName": "Mustard",
      "grainType": "",
      "tableFile": "no",
      "weight": 250.0,
      "offsetMR": 0.0,
      "maximumMR": 59.5,
      "calibrationPoint": 53,
      "ME1": 5.9921,
      "ME2": 0.1563,
      "ME3": -0.0004,
      "TE1": -0.0354,
      "TE2": 2.73,
      "minM": 6.0,
      "maxM": 14.0,
      "testWeight": -1.0,
      "indexMRCorrection": -1,
      "ang": 9.131352,
      "ang_x": -0.386012375,
      "ang_x2": 0.007164069,
      "ang_x3": -4.92695E-05,
      "corr": 0.0,
      "corr_x": 0.0,
      "corr_x2": 0.0,
      "corr_x3": 0.0,
      "lin": 699.6686,
      "lin_x": -29.7254,
      "lin_x2": 0.5516787,
      "lin_x3": -0.003794063,
      "weightCurve": 225.0,
      "weightMin": -3.561,
      "weightMax": 280.124
    },
    {
      "chartName": "Crushed Rolled Oats",
      "grainName": "Oats",
      "grainType": "",
      "tableFile": "no",
      "weight": 175.0,
      "offsetMR": 0.0,
      "maximumMR": 99.5,
      "calibrationPoint": 53,
      "ME1": 5.469,
      "ME2": 0.111,
      "ME3": 3E-07,
      "TE1": -0.0111,
      "TE2": 0.8548,
      "minM": 6.0,
      "maxM": 16.0,
      "testWeight": -1.0,
      "indexMRCorrection": -1,
      "ang": 9.131352,
      "ang_x": -0.386012375,
      "ang_x2": 0.007164069,
      "ang_x3": -4.92695E-05,
      "corr": 0.0,
      "corr_x": 0.0,
      "corr_x2": 0.0,
      "corr_x3": 0.0,
      "lin": 699.6686,
      "lin_x": -29.7254,
      "lin_x2": 0.5516787,
      "lin_x3": -0.003794063,
      "weightCurve": 225.0,
      "weightMin": -3.561,
      "weightMax": 280.124
    },
    {
      "chartName": "Puget Sound Oats",
      "grainName": "Oats",
      "grainType": "",
      "tableFile": "no",
      "weight": 200.0,
      "offsetMR": 0.0,
      "maximumMR": 80.0,
      "calibrationPoint": 53,
      "ME1": 9.5134,
      "ME2": 0.2569,
      "ME3": -0.0002,
      "TE1": -0.0389,
      "TE2": 3.0067,
      "minM": 10.0,
      "maxM": 25.0,
      "testWeight": -1.0,
      "indexMRCorrection": -1,
      "ang": 9.131352,
      "ang_x": -0.386012375,
      "ang_x2": 0.007164069,
      "ang_x3": -4.92695E-05,
      "corr": 0.0,
      "corr_x": 0.0,
      "corr_x2": 0.0,
      "corr_x3": 0.0,
      "lin": 699.6686,
      "lin_x": -29.7254,
      "lin_x2": 0.5516787,
      "lin_x3": -0.003794063,
      "weightCurve": 225.0,
      "weightMin": -3.561,
      "weightMax": 280.124
    },
    {
      "chartName": "Brown Rice Long Grain",
      "grainName": "Rice",
      "grainType": "",
      "tableFile": "no",
      "weight": 250.0,
      "offsetMR": 0.0,
      "maximumMR": 79.5,
      "calibrationPoint": 53,
      "ME1": 3.5152,
      "ME2": 0.2074,
      "ME3": -6E-06,
      "TE1": -0.0472,
      "TE2": 3.6314,
      "minM": 7.0,
      "maxM": 20.0,
      "testWeight": -1.0,
      "indexMRCorrection": -1,
      "ang": 9.131352,
      "ang_x": -0.386012375,
      "ang_x2": 0.007164069,
      "ang_x3": -4.92695E-05,
      "corr": 0.0,
      "corr_x": 0.0,
      "corr_x2": 0.0,
      "corr_x3": 0.0,
      "lin": 699.6686,
      "lin_x": -29.7254,
      "lin_x2": 0.5516787,
      "lin_x3": -0.003794063,
      "weightCurve": 225.0,
      "weightMin": -3.561,
      "weightMax": 280.124
    },
    {
      "chartName": "Brown Rice Long Grain Parboiled",
      "grainName": "Rice",
      "grainType": "",
      "tableFile": "no",
      "weight": 250.0,
      "offsetMR": 0.0,
      "maximumMR": 79.5,
      "calibrationPoint": 53,
      "ME1": 3.8709,
      "ME2": 0.1536,
      "ME3": 0.0006,
      "TE1": -0.0517,
      "TE2": 3.975,
      "minM": 8.0,
      "maxM": 20.0,
      "testWeight": -1.0,
      "indexMRCorrection": -1,
      "ang": 9.131352,
      "ang_x": -0.386012375,
      "ang_x2": 0.007164069,
      "ang_x3": -4.92695E-05,
      "corr": 0.0,
      "corr_x": 0.0,
      "corr_x2": 0.0,
      "corr_x3": 0.0,
      "lin": 699.6686,
      "lin_x": -29.7254,
      "lin_x2": 0.5516787,
      "lin_x3": -0.003794063,
      "weightCurve": 225.0,
      "weightMin": -3.561,
      "weightMax": 280.124
    },
    {
      "chartName": "Brown Rice Medium Grain",
      "grainName": "Rice",
      "grainType": "",
      "tableFile": "no",
      "weight": 250.0,
      "offsetMR": 0.0,
      "maximumMR": 79.5,
      "calibrationPoint": 53,
      "ME1": 3.422,
      "ME2": 0.2045,
      "ME3": -6E-06,
      "TE1": -0.0411,
      "TE2": 3.1676,
      "minM": 8.0,
      "maxM": 20.0,
      "testWeight": -1.0,
      "indexMRCorrection": -1,
      "ang": 9.131352,
      "ang_x": -0.386012375,
      "ang_x2": 0.007164069,
      "ang_x3": -4.92695E-05,
      "corr": 0.0,
      "corr_x": 0.0,
      "corr_x2": 0.0,
      "corr_x3": 0.0,
      "lin": 699.6686,
      "lin_x": -29.7254,
      "lin_x2": 0.5516787,
      "lin_x3": -0.003794063,
      "weightCurve": 225.0,
      "weightMin": -3.561,
      "weightMax": 280.124
    },
    {
      "chartName": "Brown Rice Short Grain",
      "grainName": "Rice",
      "grainType": "",
      "tableFile": "no",
      "weight": 250.0,
      "offsetMR": 0.0,
      "maximumMR": 78.0,
      "calibrationPoint": 53,
      "ME1": 3.7973,
      "ME2": 0.2082,
      "ME3": 3E-06,
      "TE1": -0.0504,
      "TE2": 3.8765,
      "minM": 9.0,
      "maxM": 20.0,
      "testWeight": -1.0,
      "indexMRCorrection": -1,
      "ang": 9.131352,
      "ang_x": -0.386012375,
      "ang_x2": 0.007164069,
      "ang_x3": -4.92695E-05,
      "corr": 0.0,
      "corr_x": 0.0,
      "corr_x2": 0.0,
      "corr_x3": 0.0,
      "lin": 699.6686,
      "lin_x": -29.7254,
      "lin_x2": 0.5516787,
      "lin_x3": -0.003794063,
      "weightCurve": 225.0,
      "weightMin": -3.561,
      "weightMax": 280.124
    },
    {
      "chartName": "Long Grain Milled Rice",
      "grainName": "Rice",
      "grainType": "",
      "tableFile": "no",
      "weight": 250.0,
      "offsetMR": 0.0,
      "maximumMR": 69.5,
      "calibrationPoint": 53,
      "ME1": 1.6085,
      "ME2": 0.2386,
      "ME3": -3E-05,
      "TE1": -0.0484,
      "TE2": 3.7347,
      "minM": 10.0,
      "maxM": 18.0,
      "testWeight": -1.0,
      "indexMRCorrection": -1,
      "ang": 9.131352,
      "ang_x": -0.386012375,
      "ang_x2": 0.007164069,
      "ang_x3": -4.92695E-05,
      "corr": 0.0,
      "corr_x": 0.0,
      "corr_x2": 0.0,
      "corr_x3": 0.0,
      "lin": 699.6686,
      "lin_x": -29.7254,
      "lin_x2": 0.5516787,
      "lin_x3": -0.003794063,
      "weightCurve": 225.0,
      "weightMin": -3.561,
      "weightMax": 280.124
    },
    {
      "chartName": "Medium Grain Milled Rice",
      "grainName": "Rice",
      "grainType": "",
      "tableFile": "no",
      "weight": 250.0,
      "offsetMR": 0.0,
      "maximumMR": 60.0,
      "calibrationPoint": 53,
      "ME1": 3.1134,
      "ME2": 0.2051,
      "ME3": -0.0002,
      "TE1": -0.0456,
      "TE2": 3.5186,
      "minM": 9.0,
      "maxM": 15.0,
      "testWeight": -1.0,
      "indexMRCorrection": -1,
      "ang": 9.131352,
      "ang_x": -0.386012375,
      "ang_x2": 0.007164069,
      "ang_x3": -4.92695E-05,
      "corr": 0.0,
      "corr_x": 0.0,
      "corr_x2": 0.0,
      "corr_x3": 0.0,
      "lin": 699.6686,
      "lin_x": -29.7254,
      "lin_x2": 0.5516787,
      "lin_x3": -0.003794063,
      "weightCurve": 225.0,
      "weightMin": -3.561,
      "weightMax": 280.124
    },
    {
      "chartName": "Short Grain Milled Rice",
      "grainName": "Rice",
      "grainType": "",
      "tableFile": "no",
      "weight": 250.0,
      "offsetMR": 0.0,
      "maximumMR": 57.5,
      "calibrationPoint": 53,
      "ME1": 3.4903,
      "ME2": 0.2058,
      "ME3": 2E-06,
      "TE1": -0.0484,
      "TE2": 3.7261,
      "minM": 10.0,
      "maxM": 15.0,
      "testWeight": -1.0,
      "indexMRCorrection": -1,
      "ang": 9.131352,
      "ang_x": -0.386012375,
      "ang_x2": 0.007164069,
      "ang_x3": -4.92695E-05,
      "corr": 0.0,
      "corr_x": 0.0,
      "corr_x2": 0.0,
      "corr_x3": 0.0,
      "lin": 699.6686,
      "lin_x": -29.7254,
      "lin_x2": 0.5516787,
      "lin_x3": -0.003794063,
      "weightCurve": 225.0,
      "weightMin": -3.561,
      "weightMax": 280.124
    },
    {
      "chartName": "Long Grain Milled Rice Parboiled",
      "grainName": "Rice",
      "grainType": "",
      "tableFile": "no",
      "weight": 250.0,
      "offsetMR": 0.0,
      "maximumMR": 63.5,
      "calibrationPoint": 53,
      "ME1": 2.5212,
      "ME2": 0.1944,
      "ME3": 0.0003,
      "TE1": -0.0579,
      "TE2": 4.4577,
      "minM": 10.0,
      "maxM": 15.0,
      "testWeight": -1.0,
      "indexMRCorrection": 0,
      "ang": 9.131352,
      "ang_x": -0.386012375,
      "ang_x2": 0.007164069,
      "ang_x3": -4.92695E-05,
      "corr": 0.0,
      "corr_x": 0.0,
      "corr_x2": 0.0,
      "corr_x3": 0.0,
      "lin": 699.6686,
      "lin_x": -29.7254,
      "lin_x2": 0.5516787,
      "lin_x3": -0.003794063,
      "weightCurve": 225.0,
      "weightMin": -3.561,
      "weightMax": 280.124
    },
    {
      "chartName": "Medium Grain Milled Rice Parboiled",
      "grainName": "Rice",
      "grainType": "",
      "tableFile": "no",
      "weight": 250.0,
      "offsetMR": 0.0,
      "maximumMR": 99.5,
      "calibrationPoint": 53,
      "ME1": 3.2995,
      "ME2": 0.1848,
      "ME3": 4E-08,
      "TE1": -0.0553,
      "TE2": 4.2611,
      "minM": 3.5,
      "maxM": 22.0,
      "testWeight": -1.0,
      "indexMRCorrection": -1,
      "ang": 9.131352,
      "ang_x": -0.386012375,
      "ang_x2": 0.007164069,
      "ang_x3": -4.92695E-05,
      "corr": 0.0,
      "corr_x": 0.0,
      "corr_x2": 0.0,
      "corr_x3": 0.0,
      "lin": 699.6686,
      "lin_x": -29.7254,
      "lin_x2": 0.5516787,
      "lin_x3": -0.003794063,
      "weightCurve": 225.0,
      "weightMin": -3.561,
      "weightMax": 280.124
    },
    {
      "chartName": "Medium Grain Milled Rice Coated",
      "grainName": "Rice",
      "grainType": "",
      "tableFile": "no",
      "weight": 250.0,
      "offsetMR": 0.0,
      "maximumMR": 60.0,
      "calibrationPoint": 53,
      "ME1": 3.9062,
      "ME2": 0.1896,
      "ME3": -8E-05,
      "TE1": -0.0434,
      "TE2": 3.3442,
      "minM": 10.0,
      "maxM": 15.0,
      "testWeight": -1.0,
      "indexMRCorrection": -1,
      "ang": 9.131352,
      "ang_x": -0.386012375,
      "ang_x2": 0.007164069,
      "ang_x3": -4.92695E-05,
      "corr": 0.0,
      "corr_x": 0.0,
      "corr_x2": 0.0,
      "corr_x3": 0.0,
      "lin": 699.6686,
      "lin_x": -29.7254,
      "lin_x2": 0.5516787,
      "lin_x3": -0.003794063,
      "weightCurve": 225.0,
      "weightMin": -3.561,
      "weightMax": 280.124
    },
    {
      "chartName": "Brewers and Screenings Milled Rice",
      "grainName": "Rice",
      "grainType": "",
      "tableFile": "no",
      "weight": 250.0,
      "offsetMR": 0.0,
      "maximumMR": 65.0,
      "calibrationPoint": 53,
      "ME1": 6.3367,
      "ME2": 0.1425,
      "ME3": -3E-05,
      "TE1": -0.03,
      "TE2": 2.31,
      "minM": 9.0,
      "maxM": 15.0,
      "testWeight": -1.0,
      "indexMRCorrection": -1,
      "ang": 9.131352,
      "ang_x": -0.386012375,
      "ang_x2": 0.007164069,
      "ang_x3": -4.92695E-05,
      "corr": 0.0,
      "corr_x": 0.0,
      "corr_x2": 0.0,
      "corr_x3": 0.0,
      "lin": 699.6686,
      "lin_x": -29.7254,
      "lin_x2": 0.5516787,
      "lin_x3": -0.003794063,
      "weightCurve": 225.0,
      "weightMin": -3.561,
      "weightMax": 280.124
    },
    {
      "chartName": "Short Grain Second Head Milled Rice",
      "grainName": "Rice",
      "grainType": "",
      "tableFile": "no",
      "weight": 250.0,
      "offsetMR": 0.0,
      "maximumMR": 55.0,
      "calibrationPoint": 53,
      "ME1": 2.3366,
      "ME2": 0.229,
      "ME3": 0.0002,
      "TE1": -0.0558,
      "TE2": 4.2948,
      "minM": 9.0,
      "maxM": 15.0,
      "testWeight": -1.0,
      "indexMRCorrection": -1,
      "ang": 9.131352,
      "ang_x": -0.386012375,
      "ang_x2": 0.007164069,
      "ang_x3": -4.92695E-05,
      "corr": 0.0,
      "corr_x": 0.0,
      "corr_x2": 0.0,
      "corr_x3": 0.0,
      "lin": 699.6686,
      "lin_x": -29.7254,
      "lin_x2": 0.5516787,
      "lin_x3": -0.003794063,
      "weightCurve": 225.0,
      "weightMin": -3.561,
      "weightMax": 280.124
    },
    {
      "chartName": "Brewers Milled Rice Parboiled",
      "grainName": "Rice",
      "grainType": "",
      "tableFile": "no",
      "weight": 250.0,
      "offsetMR": 0.0,
      "maximumMR": 60.0,
      "calibrationPoint": 53,
      "ME1": 4.4236,
      "ME2": 0.1666,
      "ME3": -3E-05,
      "TE1": -0.0482,
      "TE2": 3.7174,
      "minM": 9.0,
      "maxM": 14.0,
      "testWeight": -1.0,
      "indexMRCorrection": -1,
      "ang": 9.131352,
      "ang_x": -0.386012375,
      "ang_x2": 0.007164069,
      "ang_x3": -4.92695E-05,
      "corr": 0.0,
      "corr_x": 0.0,
      "corr_x2": 0.0,
      "corr_x3": 0.0,
      "lin": 699.6686,
      "lin_x": -29.7254,
      "lin_x2": 0.5516787,
      "lin_x3": -0.003794063,
      "weightCurve": 225.0,
      "weightMin": -3.561,
      "weightMax": 280.124
    },
    {
      "chartName": "Second Head Milled Rice Parboiled",
      "grainName": "Rice",
      "grainType": "",
      "tableFile": "no",
      "weight": 250.0,
      "offsetMR": 0.0,
      "maximumMR": 60.0,
      "calibrationPoint": 53,
      "ME1": 5.2301,
      "ME2": 0.1537,
      "ME3": 1E-07,
      "TE1": -0.0482,
      "TE2": 3.7174,
      "minM": 9.0,
      "maxM": 15.0,
      "testWeight": -1.0,
      "indexMRCorrection": -1,
      "ang": 9.131352,
      "ang_x": -0.386012375,
      "ang_x2": 0.007164069,
      "ang_x3": -4.92695E-05,
      "corr": 0.0,
      "corr_x": 0.0,
      "corr_x2": 0.0,
      "corr_x3": 0.0,
      "lin": 699.6686,
      "lin_x": -29.7254,
      "lin_x2": 0.5516787,
      "lin_x3": -0.003794063,
      "weightCurve": 225.0,
      "weightMin": -3.561,
      "weightMax": 280.124
    },
    {
      "chartName": "Long Grain Rough Rice",
      "grainName": "Rice",
      "grainType": "",
      "tableFile": "no",
      "weight": 200.0,
      "offsetMR": 0.0,
      "maximumMR": 88.0,
      "calibrationPoint": 53,
      "ME1": 8.2537,
      "ME2": 0.3359,
      "ME3": -0.0027,
      "TE1": -0.0344,
      "TE2": 2.6498,
      "minM": 9.0,
      "maxM": 25.0,
      "testWeight": -1.0,
      "indexMRCorrection": 46,
      "ang": 7.109908,
      "ang_x": -0.232105881,
      "ang_x2": 0.003300515,
      "ang_x3": -1.72652E-05,
      "corr": 0.0,
      "corr_x": 0.0,
      "corr_x2": 0.0,
      "corr_x3": 0.0,
      "lin": 539.3944,
      "lin_x": -17.59628,
      "lin_x2": 0.250216782,
      "lin_x3": -0.001308898,
      "weightCurve": 200.0,
      "weightMin": -3.043,
      "weightMax": 234.38
    },
    {
      "chartName": "Medium Grain Rough Rice",
      "grainName": "Rice",
      "grainType": "",
      "tableFile": "no",
      "weight": 200.0,
      "offsetMR": 0.0,
      "maximumMR": 73.5,
      "calibrationPoint": 53,
      "ME1": 8.7468,
      "ME2": 0.2915,
      "ME3": -0.001,
      "TE1": -0.0378,
      "TE2": 2.8982,
      "minM": 9.0,
      "maxM": 25.0,
      "testWeight": -1.0,
      "indexMRCorrection": 47,
      "ang": 7.109908,
      "ang_x": -0.232105881,
      "ang_x2": 0.003300515,
      "ang_x3": -1.72652E-05,
      "corr": 0.0,
      "corr_x": 0.0,
      "corr_x2": 0.0,
      "corr_x3": 0.0,
      "lin": 539.3944,
      "lin_x": -17.59628,
      "lin_x2": 0.250216782,
      "lin_x3": -0.001308898,
      "weightCurve": 200.0,
      "weightMin": -3.043,
      "weightMax": 234.38
    },
    {
      "chartName": "Medium Grain Rough Rice High Moisture",
      "grainName": "Rice",
      "grainType": "",
      "tableFile": "no",
      "weight": 200.0,
      "offsetMR": -20.0,
      "maximumMR": 99.5,
      "calibrationPoint": 33,
      "ME1": 15.196,
      "ME2": 0.1946,
      "ME3": -1E-05,
      "TE1": -0.0574,
      "TE2": 4.4251,
      "minM": 25.0,
      "maxM": 34.0,
      "testWeight": -1.0,
      "indexMRCorrection": -1,
      "ang": 9.131352,
      "ang_x": -0.386012375,
      "ang_x2": 0.007164069,
      "ang_x3": -4.92695E-05,
      "corr": 0.0,
      "corr_x": 0.0,
      "corr_x2": 0.0,
      "corr_x3": 0.0,
      "lin": 699.6686,
      "lin_x": -29.7254,
      "lin_x2": 0.5516787,
      "lin_x3": -0.003794063,
      "weightCurve": 225.0,
      "weightMin": -3.561,
      "weightMax": 280.124
    },
    {
      "chartName": "Short Grain Rough Rice",
      "grainName": "Rice",
      "grainType": "",
      "tableFile": "no",
      "weight": 200.0,
      "offsetMR": 0.0,
      "maximumMR": 99.5,
      "calibrationPoint": 53,
      "ME1": 8.669,
      "ME2": 0.3023,
      "ME3": -0.0018,
      "TE1": -0.0389,
      "TE2": 2.9933,
      "minM": 9.0,
      "maxM": 28.0,
      "testWeight": -1.0,
      "indexMRCorrection": -1,
      "ang": 9.131352,
      "ang_x": -0.386012375,
      "ang_x2": 0.007164069,
      "ang_x3": -4.92695E-05,
      "corr": 0.0,
      "corr_x": 0.0,
      "corr_x2": 0.0,
      "corr_x3": 0.0,
      "lin": 699.6686,
      "lin_x": -29.7254,
      "lin_x2": 0.5516787,
      "lin_x3": -0.003794063,
      "weightCurve": 225.0,
      "weightMin": -3.561,
      "weightMax": 280.124
    },
    {
      "chartName": "Medium Grain Rough Rice Low Moisture",
      "grainName": "Rice",
      "grainType": "",
      "tableFile": "no",
      "weight": 200.0,
      "offsetMR": 10.0,
      "maximumMR": 20.0,
      "calibrationPoint": 63,
      "ME1": 6.442,
      "ME2": 0.2746,
      "ME3": 4E-05,
      "TE1": -0.0374,
      "TE2": 2.8851,
      "minM": 7.0,
      "maxM": 12.0,
      "testWeight": -1.0,
      "indexMRCorrection": -1,
      "ang": 9.131352,
      "ang_x": -0.386012375,
      "ang_x2": 0.007164069,
      "ang_x3": -4.92695E-05,
      "corr": 0.0,
      "corr_x": 0.0,
      "corr_x2": 0.0,
      "corr_x3": 0.0,
      "lin": 699.6686,
      "lin_x": -29.7254,
      "lin_x2": 0.5516787,
      "lin_x3": -0.003794063,
      "weightCurve": 225.0,
      "weightMin": -3.561,
      "weightMax": 280.124
    },
    {
      "chartName": "Long Grain Rough Rice High Moisture",
      "grainName": "Rice",
      "grainType": "",
      "tableFile": "no",
      "weight": 150.0,
      "offsetMR": -20.0,
      "maximumMR": 99.5,
      "calibrationPoint": 33,
      "ME1": 20.222,
      "ME2": 0.3052,
      "ME3": -4E-06,
      "TE1": -0.0839,
      "TE2": 6.4651,
      "minM": 23.0,
      "maxM": 50.0,
      "testWeight": -1.0,
      "indexMRCorrection": 48,
      "ang": 4.687397,
      "ang_x": -0.102578759,
      "ang_x2": 0.0009937159,
      "ang_x3": -3.59565E-06,
      "corr": 0.0,
      "corr_x": 0.0,
      "corr_x2": 0.0,
      "corr_x3": 0.0,
      "lin": 671.5301,
      "lin_x": -16.6142826,
      "lin_x2": 0.160948366,
      "lin_x3": -0.000582373,
      "weightCurve": 150.0,
      "weightMin": -3.2328,
      "weightMax": 294.255
    },
    {
      "chartName": "Long Grain Rough Rice Parboiled",
      "grainName": "Rice",
      "grainType": "",
      "tableFile": "no",
      "weight": 200.0,
      "offsetMR": 0.0,
      "maximumMR": 83.0,
      "calibrationPoint": 53,
      "ME1": 6.9067,
      "ME2": 0.3619,
      "ME3": -0.0028,
      "TE1": -0.0381,
      "TE2": 2.9324,
      "minM": 7.0,
      "maxM": 23.0,
      "testWeight": -1.0,
      "indexMRCorrection": -1,
      "ang": 9.131352,
      "ang_x": -0.386012375,
      "ang_x2": 0.007164069,
      "ang_x3": -4.92695E-05,
      "corr": 0.0,
      "corr_x": 0.0,
      "corr_x2": 0.0,
      "corr_x3": 0.0,
      "lin": 699.6686,
      "lin_x": -29.7254,
      "lin_x2": 0.5516787,
      "lin_x3": -0.003794063,
      "weightCurve": 225.0,
      "weightMin": -3.561,
      "weightMax": 280.124
    },
    {
      "chartName": "Calrose Rough Rice High Moisture",
      "grainName": "Rice",
      "grainType": "",
      "tableFile": "no",
      "weight": 200.0,
      "offsetMR": -20.0,
      "maximumMR": 99.5,
      "calibrationPoint": 33,
      "ME1": 15.196,
      "ME2": 0.1946,
      "ME3": -1E-05,
      "TE1": -0.0574,
      "TE2": 4.4251,
      "minM": 25.0,
      "maxM": 34.0,
      "testWeight": -1.0,
      "indexMRCorrection": -1,
      "ang": 9.131352,
      "ang_x": -0.386012375,
      "ang_x2": 0.007164069,
      "ang_x3": -4.92695E-05,
      "corr": 0.0,
      "corr_x": 0.0,
      "corr_x2": 0.0,
      "corr_x3": 0.0,
      "lin": 699.6686,
      "lin_x": -29.7254,
      "lin_x2": 0.5516787,
      "lin_x3": -0.003794063,
      "weightCurve": 225.0,
      "weightMin": -3.561,
      "weightMax": 280.124
    },
    {
      "chartName": "Rye",
      "grainName": "Rye",
      "grainType": "",
      "tableFile": "no",
      "weight": 250.0,
      "offsetMR": 0.0,
      "maximumMR": 85.5,
      "calibrationPoint": 53,
      "ME1": 4.4918,
      "ME2": 0.2368,
      "ME3": -0.0006,
      "TE1": -0.049,
      "TE2": 3.7814,
      "minM": 8.0,
      "maxM": 20.0,
      "testWeight": 7.0,
      "indexMRCorrection": 51,
      "ang": 8.273486,
      "ang_x": -0.315920949,
      "ang_x2": 0.005280557,
      "ang_x3": -3.26169E-05,
      "corr": 0.0,
      "corr_x": 0.0,
      "corr_x2": 0.0,
      "corr_x3": 0.0,
      "lin": 621.6397,
      "lin_x": -23.3228359,
      "lin_x2": 0.389836669,
      "lin_x3": -0.002407937,
      "weightCurve": 250.0,
      "weightMin": -4.278,
      "weightMax": 279.201
    },
    {
      "chartName": "Safflower Seed Low Moisture",
      "grainName": "Safllower",
      "grainType": "",
      "tableFile": "no",
      "weight": 225.0,
      "offsetMR": 10.0,
      "maximumMR": 73.0,
      "calibrationPoint": 63,
      "ME1": 3.5483,
      "ME2": 0.2075,
      "ME3": -0.0029,
      "TE1": -0.0253,
      "TE2": 1.9516,
      "minM": 4.0,
      "maxM": 12.0,
      "testWeight": -1.0,
      "indexMRCorrection": 53,
      "ang": 8.467305,
      "ang_x": -0.322779328,
      "ang_x2": 0.005263426,
      "ang_x3": -3.10768E-05,
      "corr": 0.0,
      "corr_x": 0.0,
      "corr_x2": 0.0,
      "corr_x3": 0.0,
      "lin": 606.6808,
      "lin_x": -22.8744583,
      "lin_x2": 0.373004138,
      "lin_x3": -0.002202324,
      "weightCurve": 225.0,
      "weightMin": -4.1219,
      "weightMax": 201.9
    },
    {
      "chartName": "Grain Sorghum (Milo)",
      "grainName": "Sorghum",
      "grainType": "",
      "tableFile": "no",
      "weight": 250.0,
      "offsetMR": 0.0,
      "maximumMR": 85.5,
      "calibrationPoint": 53,
      "ME1": 4.3578,
      "ME2": 0.229,
      "ME3": -0.0003,
      "TE1": -0.0456,
      "TE2": 3.5101,
      "minM": 10.0,
      "maxM": 22.0,
      "testWeight": -1.0,
      "indexMRCorrection": 56,
      "ang": 7.66879,
      "ang_x": -0.27166757,
      "ang_x2": 0.004216271,
      "ang_x3": -2.42005E-05,
      "corr": 0.0,
      "corr_x": 0.0,
      "corr_x2": 0.0,
      "corr_x3": 0.0,
      "lin": 595.068054,
      "lin_x": -20.8611069,
      "lin_x2": 0.323763669,
      "lin_x3": -0.001858331,
      "weightCurve": 250.0,
      "weightMin": -2.784,
      "weightMax": 270.788
    },
    {
      "chartName": "Grain Sorghum High Moisture",
      "grainName": "Sorghum",
      "grainType": "",
      "tableFile": "no",
      "weight": 150.0,
      "offsetMR": 0.0,
      "maximumMR": 34.0,
      "calibrationPoint": 53,
      "ME1": 6.6968,
      "ME2": 1.3262,
      "ME3": -0.0341,
      "TE1": -0.0382,
      "TE2": 2.9482,
      "minM": 21.0,
      "maxM": 25.0,
      "testWeight": -1.0,
      "indexMRCorrection": 55,
      "ang": 5.087625,
      "ang_x": -0.120573252,
      "ang_x2": 0.001262133,
      "ang_x3": -4.92415E-06,
      "corr": 0.0,
      "corr_x": 0.0,
      "corr_x2": 0.0,
      "corr_x3": 0.0,
      "lin": 323.732971,
      "lin_x": -6.994895,
      "lin_x2": 0.07322097,
      "lin_x3": -0.000285668,
      "weightCurve": 150.0,
      "weightMin": -4.631,
      "weightMax": 352.615
    },
    {
      "chartName": "Soybeans Flakes",
      "grainName": "Soybeans",
      "grainType": "",
      "tableFile": "no",
      "weight": 200.0,
      "offsetMR": 10.0,
      "maximumMR": 60.0,
      "calibrationPoint": 63,
      "ME1": 7.2345,
      "ME2": 0.1186,
      "ME3": 2E-05,
      "TE1": -0.0318,
      "TE2": 2.4442,
      "minM": 8.0,
      "maxM": 14.0,
      "testWeight": -1.0,
      "indexMRCorrection": -1,
      "ang": 9.131352,
      "ang_x": -0.386012375,
      "ang_x2": 0.007164069,
      "ang_x3": -4.92695E-05,
      "corr": 0.0,
      "corr_x": 0.0,
      "corr_x2": 0.0,
      "corr_x3": 0.0,
      "lin": 699.6686,
      "lin_x": -29.7254,
      "lin_x2": 0.5516787,
      "lin_x3": -0.003794063,
      "weightCurve": 225.0,
      "weightMin": -3.561,
      "weightMax": 280.124
    },
    {
      "chartName": "Soybeans Meal",
      "grainName": "Soybeans",
      "grainType": "",
      "tableFile": "no",
      "weight": 250.0,
      "offsetMR": 0.0,
      "maximumMR": 70.0,
      "calibrationPoint": 53,
      "ME1": 7.4034,
      "ME2": 0.1803,
      "ME3": -0.0018,
      "TE1": -0.0469,
      "TE2": 3.6106,
      "minM": 9.0,
      "maxM": 15.0,
      "testWeight": -1.0,
      "indexMRCorrection": -1,
      "ang": 9.131352,
      "ang_x": -0.386012375,
      "ang_x2": 0.007164069,
      "ang_x3": -4.92695E-05,
      "corr": 0.0,
      "corr_x": 0.0,
      "corr_x2": 0.0,
      "corr_x3": 0.0,
      "lin": 699.6686,
      "lin_x": -29.7254,
      "lin_x2": 0.5516787,
      "lin_x3": -0.003794063,
      "weightCurve": 225.0,
      "weightMin": -3.561,
      "weightMax": 280.124
    },
    {
      "chartName": "Soybean Meal Low Protein",
      "grainName": "Soybeans",
      "grainType": "",
      "tableFile": "no",
      "weight": 250.0,
      "offsetMR": 0.0,
      "maximumMR": 99.5,
      "calibrationPoint": 53,
      "ME1": 8.3959,
      "ME2": 0.0935,
      "ME3": 6E-07,
      "TE1": -0.1576,
      "TE2": 12.137,
      "minM": 9.0,
      "maxM": 18.0,
      "testWeight": -1.0,
      "indexMRCorrection": -1,
      "ang": 9.131352,
      "ang_x": -0.386012375,
      "ang_x2": 0.007164069,
      "ang_x3": -4.92695E-05,
      "corr": 0.0,
      "corr_x": 0.0,
      "corr_x2": 0.0,
      "corr_x3": 0.0,
      "lin": 699.6686,
      "lin_x": -29.7254,
      "lin_x2": 0.5516787,
      "lin_x3": -0.003794063,
      "weightCurve": 225.0,
      "weightMin": -3.561,
      "weightMax": 280.124
    },
    {
      "chartName": "Sunflower Seed High Moisture",
      "grainName": "Sunflower",
      "grainType": "",
      "tableFile": "no",
      "weight": 100.0,
      "offsetMR": 0.0,
      "maximumMR": 69.5,
      "calibrationPoint": 53,
      "ME1": 12.832,
      "ME2": 0.175,
      "ME3": 7E-06,
      "TE1": -0.0815,
      "TE2": 6.2727,
      "minM": 15.0,
      "maxM": 25.0,
      "testWeight": -1.0,
      "indexMRCorrection": 61,
      "ang": 3.02292848,
      "ang_x": -0.04257842,
      "ang_x2": 0.000264961,
      "ang_x3": -6.14687E-07,
      "corr": 0.0,
      "corr_x": 0.0,
      "corr_x2": 0.0,
      "corr_x3": 0.0,
      "lin": 206.625336,
      "lin_x": -2.686277,
      "lin_x2": 0.0167163853,
      "lin_x3": -3.87806E-05,
      "weightCurve": 100.0,
      "weightMin": -5.705,
      "weightMax": 230.48
    },
    {
      "chartName": "Confectionary Sunflower",
      "grainName": "Sunflower",
      "grainType": "",
      "tableFile": "no",
      "weight": 150.0,
      "offsetMR": 20.0,
      "maximumMR": 32.5,
      "calibrationPoint": 73,
      "ME1": 7.4396,
      "ME2": 0.1492,
      "ME3": -100000.0,
      "TE1": -0.0245,
      "TE2": 1.8905,
      "minM": 8.0,
      "maxM": 12.0,
      "testWeight": -1.0,
      "indexMRCorrection": -1,
      "ang": 9.131352,
      "ang_x": -0.386012375,
      "ang_x2": 0.007164069,
      "ang_x3": -4.92695E-05,
      "corr": 0.0,
      "corr_x": 0.0,
      "corr_x2": 0.0,
      "corr_x3": 0.0,
      "lin": 699.6686,
      "lin_x": -29.7254,
      "lin_x2": 0.5516787,
      "lin_x3": -0.003794063,
      "weightCurve": 225.0,
      "weightMin": -3.561,
      "weightMax": 280.124
    },
    {
      "chartName": "Sunflower Seed Low Moisture",
      "grainName": "Sunflower",
      "grainType": "",
      "tableFile": "no",
      "weight": 100.0,
      "offsetMR": 30.0,
      "maximumMR": 99.5,
      "calibrationPoint": 83,
      "ME1": 7.5707,
      "ME2": 0.1753,
      "ME3": 4E-07,
      "TE1": -0.0815,
      "TE2": 6.2726,
      "minM": 8.0,
      "maxM": 25.0,
      "testWeight": -1.0,
      "indexMRCorrection": -1,
      "ang": 9.131352,
      "ang_x": -0.386012375,
      "ang_x2": 0.007164069,
      "ang_x3": -4.92695E-05,
      "corr": 0.0,
      "corr_x": 0.0,
      "corr_x2": 0.0,
      "corr_x3": 0.0,
      "lin": 699.6686,
      "lin_x": -29.7254,
      "lin_x2": 0.5516787,
      "lin_x3": -0.003794063,
      "weightCurve": 225.0,
      "weightMin": -3.561,
      "weightMax": 280.124
    },
    {
      "chartName": "Red Durum Wheat",
      "grainName": "Red Durum Wheat",
      "grainType": "",
      "tableFile": "no",
      "weight": 250.0,
      "offsetMR": 0.0,
      "maximumMR": 99.5,
      "calibrationPoint": 53,
      "ME1": 5.3747,
      "ME2": 0.1948,
      "ME3": 8E-07,
      "TE1": -0.05,
      "TE2": 3.85,
      "minM": 6.0,
      "maxM": 24.0,
      "testWeight": 0.0,
      "indexMRCorrection": -1,
      "ang": 9.131352,
      "ang_x": -0.386012375,
      "ang_x2": 0.007164069,
      "ang_x3": -4.92695E-05,
      "corr": 0.0,
      "corr_x": 0.0,
      "corr_x2": 0.0,
      "corr_x3": 0.0,
      "lin": 699.6686,
      "lin_x": -29.7254,
      "lin_x2": 0.5516787,
      "lin_x3": -0.003794063,
      "weightCurve": 225.0,
      "weightMin": -3.561,
      "weightMax": 280.124
    },
    {
      "chartName": "Virginia Peanuts",
      "grainName": "Virginia Peanuts",
      "grainType": "",
      "tableFile": "no",
      "weight": 250.0,
      "offsetMR": 0.0,
      "maximumMR": 100.0,
      "calibrationPoint": 53,
      "ME1": 5.9351,
      "ME2": 0.1097,
      "ME3": -6E-05,
      "TE1": -0.0257,
      "TE2": 1.9754,
      "minM": 7.0,
      "maxM": 20.0,
      "testWeight": 0.0,
      "indexMRCorrection": 43,
      "ang": 8.323842,
      "ang_x": -0.316081315,
      "ang_x2": 0.005196521,
      "ang_x3": -3.12575E-05,
      "corr": 0.0,
      "corr_x": 0.0,
      "corr_x2": 0.0,
      "corr_x3": 0.0,
      "lin": 590.922546,
      "lin_x": -21.2275734,
      "lin_x2": 0.348991036,
      "lin_x3": -0.00209921,
      "weightCurve": 250.0,
      "weightMin": -4.1535,
      "weightMax": 255.105
    },
    {
      "chartName": "Peanuts Meal",
      "grainName": "Peanuts Meal",
      "grainType": "",
      "tableFile": "no",
      "weight": 250.0,
      "offsetMR": 0.0,
      "maximumMR": 100.0,
      "calibrationPoint": 53,
      "ME1": 3.1502,
      "ME2": 0.1212,
      "ME3": -0.0001,
      "TE1": -0.0202,
      "TE2": 1.5499,
      "minM": 7.0,
      "maxM": 20.0,
      "testWeight": 0.0,
      "indexMRCorrection": -1,
      "ang": 9.131352,
      "ang_x": -0.386012375,
      "ang_x2": 0.007164069,
      "ang_x3": -4.92695E-05,
      "corr": 0.0,
      "corr_x": 0.0,
      "corr_x2": 0.0,
      "corr_x3": 0.0,
      "lin": 699.6686,
      "lin_x": -29.7254,
      "lin_x2": 0.5516787,
      "lin_x3": -0.003794063,
      "weightCurve": 225.0,
      "weightMin": -3.561,
      "weightMax": 280.124
    },
	{
      "chartName": "Green and Yellow Peas",
      "grainName": "Peas",
      "grainType": "Green and Yellow",
      "tableFile": "green_and_yellow_peas_tc.tbl",
      "weight": 250.0,
      "offsetMR": 0.0,
      "maximumMR": 74.5,
      "calibrationPoint": 53,
      "ME1": -0.0007,
      "ME2": 0.2126,
      "ME3": 6.9459,
      "TE1": -0.1244,
      "TE2": 2.5554,
      "minM": 8.0,
      "maxM": 20.0,
      "testWeight": -1.0,
      "indexMRCorrection": 36,
      "ang": 8.070781,
      "ang_x": -0.300736964,
      "ang_x2": 0.004907023,
      "ang_x3": -2.9597E-05,
      "corr": 0.0,
      "corr_x": 0.0,
      "corr_x2": 0.0,
      "corr_x3": 0.0,
      "lin": 550.7394,
      "lin_x": -18.7589722,
      "lin_x2": 0.3060838,
      "lin_x3": -0.001846165,
      "weightCurve": 250.0,
      "weightMin": -4.121,
      "weightMax": 297.992
    },
	{
      "chartName": "Split Peas Green and Yellow",
      "grainName": "Split Peas",
      "grainType": "Green and Yellow",
      "tableFile": "split_peas_green_and_yellow_tc.tbl",
      "weight": 250.0,
      "offsetMR": 0.0,
      "maximumMR": 74.5,
      "calibrationPoint": 53,
      "ME1": -0.0007,
      "ME2": 0.2126,
      "ME3": 6.9459,
      "TE1": -0.1244,
      "TE2": 2.5554,
      "minM": 8.0,
      "maxM": 20.0,
      "testWeight": -1.0,
      "indexMRCorrection": 44,
      "ang": 8.100704,
      "ang_x": -0.301747,
      "ang_x2": 0.004902791,
      "ang_x3": -2.93421E-05,
      "corr": 0.0,
      "corr_x": 0.0,
      "corr_x2": 0.0,
      "corr_x3": 0.0,
      "lin": 496.760651,
      "lin_x": -16.00532,
      "lin_x2": 0.260054767,
      "lin_x3": -0.001556369,
      "weightCurve": 250.0,
      "weightMin": -6.956,
      "weightMax": 341.496
    },
    {
      "chartName": "Faba Beans",
      "grainName": "Faba Beans",
      "grainType": "",
      "tableFile": "fababeans_tc.tbl",
      "weight": 250.0,
      "offsetMR": 0.0,
      "maximumMR": 74.5,
      "calibrationPoint": 53,
      "ME1": -0.0013,
      "ME2": 0.2912,
      "ME3": 6.1753,
      "TE1": -0.0917,
      "TE2": 1.8005,
      "minM": 9.3,
      "maxM": 21.3,
      "testWeight": -1.0,
      "indexMRCorrection": 22,
      "ang": 7.47181654,
      "ang_x": -0.253235281,
      "ang_x2": 0.003696356,
      "ang_x3": -1.96493E-05,
      "corr": 0.0,
      "corr_x": 0.0,
      "corr_x2": 0.0,
      "corr_x3": 0.0,
      "lin": 437.063049,
      "lin_x": -12.2029028,
      "lin_x2": 0.178120017,
      "lin_x3": -0.00094686,
      "weightCurve": 250.0,
      "weightMin": -4.163,
      "weightMax": 294.704
    },
    {
      "chartName": "Hemp",
      "grainName": "Hemp",
      "grainType": "",
      "tableFile": "hemp_dt__cgc_chart_is_not_on_the_website.tbl",
      "weight": 175.0,
      "offsetMR": 20.0,
      "maximumMR": 0.0,
      "calibrationPoint": 73,
      "ME1": 3E-05,
      "ME2": 0.1881,
      "ME3": 6.4369,
      "TE1": -0.1,
      "TE2": 2.0,
      "minM": 0.5,
      "maxM": 99.5,
      "testWeight": -1.0,
      "indexMRCorrection": 24,
      "ang": 7.820135,
      "ang_x": -0.274031579,
      "ang_x2": 0.004090442,
      "ang_x3": -2.20306E-05,
      "corr": 0.0,
      "corr_x": 0.0,
      "corr_x2": 0.0,
      "corr_x3": 0.0,
      "lin": 374.820221,
      "lin_x": -12.4107952,
      "lin_x2": 0.185254678,
      "lin_x3": -0.000997756,
      "weightCurve": 175.0,
      "weightMin": -4.1084,
      "weightMax": 244.553
    }
  ]
}