{
  "grains": [
    {
      "chartName": "Heavy Hard Red Spring Wheat",
      "grainName": "Wheat",
      "grainType": "Heavy Hard Red Spring",
      "tableFile": "hard_red_spring_morethan66kgperhl.tbl",
      "weight": 250.0,
      "offsetMR": 0.0,
      "maximumMR": 84.5,
      "calibrationPoint": 53,
      "ME1": 4E-06,
      "ME2": 0.2128,
      "ME3": 5.084,
      "TE1": -0.0874,
      "TE2": 1.7411,
      "minM": 7.4,
      "maxM": 23.9,
      "testWeight": 10.0,
      "indexMRCorrection": 56,
      "ang": 7.92725229,
      "ang_x": -0.2914786,
      "ang_x2": 0.004714002,
      "ang_x3": -2.83007E-05,
      "corr": 0.0,
      "corr_x": 0.0,
      "corr_x2": 0.0,
      "corr_x3": 0.0,
      "lin": 665.367554,
      "lin_x": -24.730629,
      "lin_x2": 0.399961561,
      "lin_x3": -0.00240118848,
      "weightCurve": 250.0,
      "weightMin": -5.1657,
      "weightMax": 335.49
    },
    {
      "chartName": "Barley Heavy Weight",
      "grainName": "Barley",
      "grainType": "Heavy Weight",
      "tableFile": "barley_testweightmorethan52kgperhl_tc.tbl",
      "weight": 225.0,
      "offsetMR": 0.0,
      "maximumMR": 79.5,
      "calibrationPoint": 53,
      "ME1": 1E-06,
      "ME2": 0.2409,
      "ME3": 10.205,
      "TE1": -0.0911,
      "TE2": 1.7781,
      "minM": 11.7,
      "maxM": 30.2,
      "testWeight": 1.0,
      "indexMRCorrection": 0,
      "ang": 8.851953,
      "ang_x": -0.3646125,
      "ang_x2": 0.006626517,
      "ang_x3": -4.48405E-05,
      "corr": 0.0,
      "corr_x": 0.0,
      "corr_x2": 0.0,
      "corr_x3": 0.0,
      "lin": 673.2015,
      "lin_x": -27.7724686,
      "lin_x2": 0.504740655,
      "lin_x3": -0.003415493,
      "weightCurve": 225.0,
      "weightMin": -2.5634,
      "weightMax": 301.994
    },
    {
      "chartName": "Canola",
      "grainName": "Canola",
      "grainType": "",
      "tableFile": "canola_tc.tbl",
      "weight": 250.0,
      "offsetMR": 0.0,
      "maximumMR": 78.0,
      "calibrationPoint": 53,
      "ME1": -0.0002,
      "ME2": 0.133,
      "ME3": 5.154,
      "TE1": -0.0374,
      "TE2": 0.7511,
      "minM": 5.1,
      "maxM": 14.7,
      "testWeight": -1.0,
      "indexMRCorrection": 18,
      "ang": 8.499509,
      "ang_x": -0.332420021,
      "ang_x2": 0.005674758,
      "ang_x3": -3.57041E-05,
      "corr": 0.0,
      "corr_x": 0.0,
      "corr_x2": 0.0,
      "corr_x3": 0.0,
      "lin": 623.2389,
      "lin_x": -23.3483028,
      "lin_x2": 0.398579985,
      "lin_x3": -0.002507761,
      "weightCurve": 250.0,
      "weightMin": -5.5556,
      "weightMax": 259.44
    },
    {
      "chartName": "Soybean",
      "grainName": "Soybean",
      "grainType": "",
      "tableFile": "soybean_tc.tbl",
      "weight": 225.0,
      "offsetMR": 0.0,
      "maximumMR": 89.5,
      "calibrationPoint": 53,
      "ME1": -3E-07,
      "ME2": 0.1573,
      "ME3": 8.4541,
      "TE1": -0.1253,
      "TE2": 2.5544,
      "minM": 7.7,
      "maxM": 23.7,
      "testWeight": 8.0,
      "indexMRCorrection": 43,
      "ang": 7.6130743,
      "ang_x": -0.2664467,
      "ang_x2": 0.004066666,
      "ang_x3": -2.28571E-05,
      "corr": 0.0,
      "corr_x": 0.0,
      "corr_x2": 0.0,
      "corr_x3": 0.0,
      "lin": 612.4004,
      "lin_x": -21.3761272,
      "lin_x2": 0.326255,
      "lin_x3": -0.001833746,
      "weightCurve": 225.0,
      "weightMin": -2.909,
      "weightMax": 303.522
    },
    {
      "chartName": "Oats",
      "grainName": "Oats",
      "grainType": "",
      "tableFile": "oats_tc.tbl",
      "weight": 200.0,
      "offsetMR": 0.0,
      "maximumMR": 39.5,
      "calibrationPoint": 53,
      "ME1": -5E-06,
      "ME2": 0.2588,
      "ME3": 10.287,
      "TE1": -0.0773,
      "TE2": 1.5445,
      "minM": 9.5,
      "maxM": 21.2,
      "testWeight": 6.0,
      "indexMRCorrection": 31,
      "ang": 8.40882,
      "ang_x": -0.329194874,
      "ang_x2": 0.005689248,
      "ang_x3": -3.66269E-05,
      "corr": 0.0,
      "corr_x": 0.0,
      "corr_x2": 0.0,
      "corr_x3": 0.0,
      "lin": 597.196,
      "lin_x": -22.6413345,
      "lin_x2": 0.391294569,
      "lin_x3": -0.002519124,
      "weightCurve": 200.0,
      "weightMin": -8.9109,
      "weightMax": 328.22
    },
    {
      "chartName": "Green and Yellow Peas",
      "grainName": "Peas",
      "grainType": "Green and Yellow",
      "tableFile": "green_and_yellow_peas_tc.tbl",
      "weight": 250.0,
      "offsetMR": 0.0,
      "maximumMR": 74.5,
      "calibrationPoint": 53,
      "ME1": -0.0007,
      "ME2": 0.2126,
      "ME3": 6.9459,
      "TE1": -0.1244,
      "TE2": 2.5554,
      "minM": 8.0,
      "maxM": 20.0,
      "testWeight": -1.0,
      "indexMRCorrection": 36,
      "ang": 8.070781,
      "ang_x": -0.300736964,
      "ang_x2": 0.004907023,
      "ang_x3": -2.9597E-05,
      "corr": 0.0,
      "corr_x": 0.0,
      "corr_x2": 0.0,
      "corr_x3": 0.0,
      "lin": 550.7394,
      "lin_x": -18.7589722,
      "lin_x2": 0.3060838,
      "lin_x3": -0.001846165,
      "weightCurve": 250.0,
      "weightMin": -4.121,
      "weightMax": 297.992
    },
    {
      "chartName": "Lentils",
      "grainName": "Lentils",
      "grainType": "",
      "tableFile": "lentils_tc.tbl",
      "weight": 250.0,
      "offsetMR": 0.0,
      "maximumMR": 89.5,
      "calibrationPoint": 53,
      "ME1": -0.0007,
      "ME2": 0.2115,
      "ME3": 7.0203,
      "TE1": -0.1308,
      "TE2": 2.692,
      "minM": 8.1,
      "maxM": 22.0,
      "testWeight": -1.0,
      "indexMRCorrection": 25,
      "ang": 8.098805,
      "ang_x": -0.299564183,
      "ang_x2": 0.004802425,
      "ang_x3": -2.81949E-05,
      "corr": 0.0,
      "corr_x": 0.0,
      "corr_x2": 0.0,
      "corr_x3": 0.0,
      "lin": 480.086365,
      "lin_x": -15.4643707,
      "lin_x2": 0.247915074,
      "lin_x3": -0.001455502,
      "weightCurve": 250.0,
      "weightMin": -5.184,
      "weightMax": 283.967
    },
	{
      "chartName": "Lentils Red",
      "grainName": "Lentils Red",
      "grainType": "",
      "tableFile": "lentils_tc.tbl",
      "weight": 250.0,
      "offsetMR": 0.0,
      "maximumMR": 89.5,
      "calibrationPoint": 53,
      "ME1": -0.0007,
      "ME2": 0.2115,
      "ME3": 7.0203,
      "TE1": -0.1308,
      "TE2": 2.692,
      "minM": 8.1,
      "maxM": 22.0,
      "testWeight": -1.0,
      "indexMRCorrection": 25,
      "ang": 8.098805,
      "ang_x": -0.299564183,
      "ang_x2": 0.004802425,
      "ang_x3": -2.81949E-05,
      "corr": 0.0,
      "corr_x": 0.0,
      "corr_x2": 0.0,
      "corr_x3": 0.0,
      "lin": 480.086365,
      "lin_x": -15.4643707,
      "lin_x2": 0.247915074,
      "lin_x3": -0.001455502,
      "weightCurve": 250.0,
      "weightMin": -5.184,
      "weightMax": 283.967
    },
    {
      "chartName": "Corn Low Moisture",
      "grainName": "Corn",
      "grainType": "Low Moisture",
      "tableFile": "corn_low_moisture_tc.tbl",
      "weight": 250.0,
      "offsetMR": 0.0,
      "maximumMR": 74.5,
      "calibrationPoint": 53,
      "ME1": 0.0004,
      "ME2": 0.1683,
      "ME3": 6.1381,
      "TE1": -0.094,
      "TE2": 1.8267,
      "minM": 8.4,
      "maxM": 19.9,
      "testWeight": 3.0,
      "indexMRCorrection": 21,
      "ang": 6.874228,
      "ang_x": -0.21698451,
      "ang_x2": 0.002983515,
      "ang_x3": -1.50918E-05,
      "corr": 0.0,
      "corr_x": 0.0,
      "corr_x2": 0.0,
      "corr_x3": 0.0,
      "lin": 720.186951,
      "lin_x": -23.3272247,
      "lin_x2": 0.3207469,
      "lin_x3": -0.001622463,
      "weightCurve": 250.0,
      "weightMin": -3.0504,
      "weightMax": 307.331
    },
    {
      "chartName": "Chick Peas",
      "grainName": "Chick Peas",
      "grainType": "",
      "tableFile": "chick_peas_tc.tbl",
      "weight": 250.0,
      "offsetMR": 0.0,
      "maximumMR": 79.5,
      "calibrationPoint": 53,
      "ME1": 9E-05,
      "ME2": 0.1745,
      "ME3": 8.0987,
      "TE1": -0.2462,
      "TE2": 5.0929,
      "minM": 25.5,
      "maxM": 7.6,
      "testWeight": -1.0,
      "indexMRCorrection": 19,
      "ang": 8.551969,
      "ang_x": -0.336322516,
      "ang_x2": 0.005769668,
      "ang_x3": -3.64599E-05,
      "corr": 0.0,
      "corr_x": 0.0,
      "corr_x2": 0.0,
      "corr_x3": 0.0,
      "lin": 621.3629,
      "lin_x": -23.0763569,
      "lin_x2": 0.395878673,
      "lin_x3": -0.002501654,
      "weightCurve": 250.0,
      "weightMin": -2.774,
      "weightMax": 265.301
    },
    {
      "chartName": "Sunflower Seeds",
      "grainName": "Sunflower Seeds",
      "grainType": "",
      "tableFile": "sunflower_seeds_tc.tbl",
      "weight": 150.0,
      "offsetMR": 0.0,
      "maximumMR": 84.5,
      "calibrationPoint": 73,
      "ME1": -0.0002,
      "ME2": 0.2154,
      "ME3": 7.0332,
      "TE1": -0.2372,
      "TE2": 4.888,
      "minM": 7.2,
      "maxM": 26.6,
      "testWeight": 9.0,
      "indexMRCorrection": 39,
      "ang": 6.99568748,
      "ang_x": -0.217566714,
      "ang_x2": 0.002860814,
      "ang_x3": -1.34818E-05,
      "corr": 0.0,
      "corr_x": 0.0,
      "corr_x2": 0.0,
      "corr_x3": 0.0,
      "lin": 355.042084,
      "lin_x": -11.4638481,
      "lin_x2": 0.154313952,
      "lin_x3": -0.000710925,
      "weightCurve": 150.0,
      "weightMin": -3.567,
      "weightMax": 152.061
    },
    {
      "chartName": "Faba Beans",
      "grainName": "Faba Beans",
      "grainType": "",
      "tableFile": "fababeans_tc.tbl",
      "weight": 250.0,
      "offsetMR": 0.0,
      "maximumMR": 74.5,
      "calibrationPoint": 53,
      "ME1": -0.0013,
      "ME2": 0.2912,
      "ME3": 6.1753,
      "TE1": -0.0917,
      "TE2": 1.8005,
      "minM": 9.3,
      "maxM": 21.3,
      "testWeight": -1.0,
      "indexMRCorrection": 22,
      "ang": 7.47181654,
      "ang_x": -0.253235281,
      "ang_x2": 0.003696356,
      "ang_x3": -1.96493E-05,
      "corr": 0.0,
      "corr_x": 0.0,
      "corr_x2": 0.0,
      "corr_x3": 0.0,
      "lin": 437.063049,
      "lin_x": -12.2029028,
      "lin_x2": 0.178120017,
      "lin_x3": -0.00094686,
      "weightCurve": 250.0,
      "weightMin": -4.163,
      "weightMax": 294.704
    },
    {
      "chartName": "Rye",
      "grainName": "Rye",
      "grainType": "",
      "tableFile": "rye_tc.tbl",
      "weight": 250.0,
      "offsetMR": 0.0,
      "maximumMR": 89.5,
      "calibrationPoint": 53,
      "ME1": -5E-07,
      "ME2": 0.186,
      "ME3": 6.3452,
      "TE1": -0.0914,
      "TE2": 1.8177,
      "minM": 9.1,
      "maxM": 23.8,
      "testWeight": 7.0,
      "indexMRCorrection": 38,
      "ang": 7.345122,
      "ang_x": -0.2482557,
      "ang_x2": 0.003662417,
      "ang_x3": -1.99135E-05,
      "corr": 0.0,
      "corr_x": 0.0,
      "corr_x2": 0.0,
      "corr_x3": 0.0,
      "lin": 416.581848,
      "lin_x": -11.5373487,
      "lin_x2": 0.170205876,
      "lin_x3": -0.000925453,
      "weightCurve": 250.0,
      "weightMin": -5.259,
      "weightMax": 291.156
    },
    {
      "chartName": "Western/Eastern Amber Durum Wheat",
      "grainName": "Wheat",
      "grainType": "Amber Durum Western/Eastern",
      "tableFile": "western_amber_durum_wheat_eastern_amber_durum_wheat_canada_tc.tbl",
      "weight": 250.0,
      "offsetMR": 0.0,
      "maximumMR": 72.5,
      "calibrationPoint": 53,
      "ME1": -2E-06,
      "ME2": 0.2109,
      "ME3": 4.9059,
      "TE1": -0.109,
      "TE2": 2.165,
      "minM": 8.0,
      "maxM": 21.2,
      "testWeight": 0.0,
      "indexMRCorrection": 46,
      "ang": 8.025725,
      "ang_x": -0.3000546,
      "ang_x2": 0.004955029,
      "ang_x3": -3.04984E-05,
      "corr": 0.0,
      "corr_x": 0.0,
      "corr_x2": 0.0,
      "corr_x3": 0.0,
      "lin": 673.7226,
      "lin_x": -25.4582634,
      "lin_x2": 0.420411617,
      "lin_x3": -0.00258764857,
      "weightCurve": 250.0,
      "weightMin": -5.1657,
      "weightMax": 335.49
    },
    {
      "chartName": "Brown Mustard",
      "grainName": "Brown Mustard",
      "grainType": "",
      "tableFile": "brown_mustard_tc.tbl",
      "weight": 250.0,
      "offsetMR": 0.0,
      "maximumMR": 58.0,
      "calibrationPoint": 53,
      "ME1": -0.0002,
      "ME2": 0.1493,
      "ME3": 5.8082,
      "TE1": -0.0784,
      "TE2": 1.5626,
      "minM": 5.6,
      "maxM": 14.4,
      "testWeight": -1.0,
      "indexMRCorrection": 26,
      "ang": 9.402603,
      "ang_x": -0.4065961,
      "ang_x2": 0.007670483,
      "ang_x3": -5.33073E-05,
      "corr": 0.0,
      "corr_x": 0.0,
      "corr_x2": 0.0,
      "corr_x3": 0.0,
      "lin": 583.7623,
      "lin_x": -22.643465,
      "lin_x2": 0.427171618,
      "lin_x3": -0.002968702,
      "weightCurve": 250.0,
      "weightMin": -6.614,
      "weightMax": 279.313
    },
    {
      "chartName": "Oriental Mustard",
      "grainName": "Oriental Mustard",
      "grainType": "",
      "tableFile": "oriental_mustard_tc.tbl",
      "weight": 250.0,
      "offsetMR": 0.0,
      "maximumMR": 65.5,
      "calibrationPoint": 53,
      "ME1": -0.0005,
      "ME2": 0.151,
      "ME3": 5.6301,
      "TE1": -0.0699,
      "TE2": 1.3835,
      "minM": 5.3,
      "maxM": 14.2,
      "testWeight": -1.0,
      "indexMRCorrection": 27,
      "ang": 9.075128,
      "ang_x": -0.377836645,
      "ang_x2": 0.006846793,
      "ang_x3": -4.56092E-05,
      "corr": 0.0,
      "corr_x": 0.0,
      "corr_x2": 0.0,
      "corr_x3": 0.0,
      "lin": 574.4391,
      "lin_x": -21.5474777,
      "lin_x2": 0.390462726,
      "lin_x3": -0.002601027,
      "weightCurve": 250.0,
      "weightMin": -4.571,
      "weightMax": 253.999
    },
    {
      "chartName": "Yellow Mustard",
      "grainName": "Yellow Mustard",
      "grainType": "",
      "tableFile": "yellow_mustard_tc.tbl",
      "weight": 250.0,
      "offsetMR": 0.0,
      "maximumMR": 58.0,
      "calibrationPoint": 53,
      "ME1": -0.0006,
      "ME2": 0.1606,
      "ME3": 6.225,
      "TE1": -0.065,
      "TE2": 1.3383,
      "minM": 5.7,
      "maxM": 14.2,
      "testWeight": -1.0,
      "indexMRCorrection": 28,
      "ang": 9.402603,
      "ang_x": -0.4065961,
      "ang_x2": 0.007670483,
      "ang_x3": -5.33073E-05,
      "corr": 0.0,
      "corr_x": 0.0,
      "corr_x2": 0.0,
      "corr_x3": 0.0,
      "lin": 583.7623,
      "lin_x": -22.643465,
      "lin_x2": 0.427171618,
      "lin_x3": -0.002968702,
      "weightCurve": 250.0,
      "weightMin": -6.614,
      "weightMax": 279.313
    },
    {
      "chartName": "Light Hard Red Spring Wheat",
      "grainName": "Wheat",
      "grainType": "Light Hard Red Spring",
      "tableFile": "hard_red_spring_lessthan66kgperhl.tbl",
      "weight": 250.0,
      "offsetMR": 0.0,
      "maximumMR": 84.5,
      "calibrationPoint": 53,
      "ME1": 4E-06,
      "ME2": 0.2128,
      "ME3": 5.084,
      "TE1": -0.0874,
      "TE2": 1.7411,
      "minM": 7.4,
      "maxM": 23.9,
      "testWeight": 10.0,
      "indexMRCorrection": 55,
      "ang": 7.645167,
      "ang_x": -0.270241439,
      "ang_x2": 0.004188668,
      "ang_x3": -2.40303E-05,
      "corr": 0.0,
      "corr_x": 0.0,
      "corr_x2": 0.0,
      "corr_x3": 0.0,
      "lin": 579.75415,
      "lin_x": -20.223135,
      "lin_x2": 0.313453048,
      "lin_x3": -0.00179827493,
      "weightCurve": 225.0,
      "weightMin": -5.1657,
      "weightMax": 335.49
    },
    {
      "chartName": "Azuki Beans",
      "grainName": "Azuki Beans",
      "grainType": "",
      "tableFile": "azuki_beans_tc.tbl",
      "weight": 250.0,
      "offsetMR": 0.0,
      "maximumMR": 94.5,
      "calibrationPoint": 53,
      "ME1": -0.0007,
      "ME2": 0.2071,
      "ME3": 7.1302,
      "TE1": -0.1119,
      "TE2": 2.3084,
      "minM": 8.7,
      "maxM": 21.5,
      "testWeight": -1.0,
      "indexMRCorrection": 4,
      "ang": 7.72217751,
      "ang_x": -0.272307277,
      "ang_x2": 0.004161188,
      "ang_x3": -2.3284E-05,
      "corr": 0.0,
      "corr_x": 0.0,
      "corr_x2": 0.0,
      "corr_x3": 0.0,
      "lin": 613.633667,
      "lin_x": -21.6753368,
      "lin_x2": 0.331225634,
      "lin_x3": -0.001853383,
      "weightCurve": 250.0,
      "weightMin": -3.431,
      "weightMax": 284.597
    },
    {
      "chartName": "Black Beans",
      "grainName": "Black Beans",
      "grainType": "",
      "tableFile": "black_beans_tc.tbl",
      "weight": 250.0,
      "offsetMR": 0.0,
      "maximumMR": 79.5,
      "calibrationPoint": 53,
      "ME1": -2E-06,
      "ME2": 0.1563,
      "ME3": 8.8262,
      "TE1": -0.1408,
      "TE2": 2.8854,
      "minM": 9.6,
      "maxM": 22.6,
      "testWeight": -1.0,
      "indexMRCorrection": 5,
      "ang": 7.656003,
      "ang_x": -0.269679338,
      "ang_x2": 0.004145789,
      "ang_x3": -2.34871E-05,
      "corr": 0.0,
      "corr_x": 0.0,
      "corr_x2": 0.0,
      "corr_x3": 0.0,
      "lin": 467.457642,
      "lin_x": -14.1214838,
      "lin_x2": 0.217090026,
      "lin_x3": -0.001229876,
      "weightCurve": 250.0,
      "weightMin": -4.992,
      "weightMax": 297.291
    },
    {
      "chartName": "Buckwheat",
      "grainName": "Buckwheat",
      "grainType": "",
      "tableFile": "buckwheat_tc.tbl",
      "weight": 225.0,
      "offsetMR": 0.0,
      "maximumMR": 5.0,
      "calibrationPoint": 53,
      "ME1": -5E-05,
      "ME2": 0.2056,
      "ME3": 8.7377,
      "TE1": -0.0717,
      "TE2": 1.4739,
      "minM": 9.1,
      "maxM": 24.5,
      "testWeight": 2.0,
      "indexMRCorrection": 16,
      "ang": 7.711704,
      "ang_x": -0.272669315,
      "ang_x2": 0.004193793,
      "ang_x3": -2.36994E-05,
      "corr": 0.0,
      "corr_x": 0.0,
      "corr_x2": 0.0,
      "corr_x3": 0.0,
      "lin": 487.53894,
      "lin_x": -15.4137,
      "lin_x2": 0.23707059,
      "lin_x3": -0.001339701,
      "weightCurve": 225.0,
      "weightMin": -2.76,
      "weightMax": 230.622
    },
    {
      "chartName": "Cranberry Beans",
      "grainName": "Cranberry Beans",
      "grainType": "",
      "tableFile": "cranberry_beans_tc.tbl",
      "weight": 225.0,
      "offsetMR": 0.0,
      "maximumMR": 72.0,
      "calibrationPoint": 53,
      "ME1": 0.001,
      "ME2": 0.1084,
      "ME3": 11.174,
      "TE1": -0.1811,
      "TE2": 3.6381,
      "minM": 11.4,
      "maxM": 26.2,
      "testWeight": -1.0,
      "indexMRCorrection": 6,
      "ang": 6.891592,
      "ang_x": -0.217383951,
      "ang_x2": 0.002977953,
      "ang_x3": -1.4967E-05,
      "corr": 0.0,
      "corr_x": 0.0,
      "corr_x2": 0.0,
      "corr_x3": 0.0,
      "lin": 511.1748,
      "lin_x": -15.8475533,
      "lin_x2": 0.217096359,
      "lin_x3": -0.001091113,
      "weightCurve": 200.0,
      "weightMin": -5.741,
      "weightMax": 330.565
    },
    {
      "chartName": "Dark Red Kidney Beans",
      "grainName": "Beans",
      "grainType": "Dark Red Kidney",
      "tableFile": "dark_red_kidney_beans_tc.tbl",
      "weight": 250.0,
      "offsetMR": 0.0,
      "maximumMR": 89.5,
      "calibrationPoint": 53,
      "ME1": -6E-06,
      "ME2": 0.1511,
      "ME3": 8.9955,
      "TE1": -0.1559,
      "TE2": 3.1368,
      "minM": 24.0,
      "maxM": 10.5,
      "testWeight": -1.0,
      "indexMRCorrection": 7,
      "ang": 7.656003,
      "ang_x": -0.269679338,
      "ang_x2": 0.004145789,
      "ang_x3": -2.34871E-05,
      "corr": 0.0,
      "corr_x": 0.0,
      "corr_x2": 0.0,
      "corr_x3": 0.0,
      "lin": 467.457642,
      "lin_x": -14.1214838,
      "lin_x2": 0.217090026,
      "lin_x3": -0.001229876,
      "weightCurve": 250.0,
      "weightMin": -4.992,
      "weightMax": 297.291
    },
    {
      "chartName": "Great Northern Beans",
      "grainName": "Beans",
      "grainType": "Great Northern",
      "tableFile": "great_northern_beans_tc.tbl",
      "weight": 250.0,
      "offsetMR": 0.0,
      "maximumMR": 95.0,
      "calibrationPoint": 53,
      "ME1": 1E-06,
      "ME2": 0.1487,
      "ME3": 8.8769,
      "TE1": -0.147,
      "TE2": 2.9883,
      "minM": 9.7,
      "maxM": 24.4,
      "testWeight": -1.0,
      "indexMRCorrection": 13,
      "ang": 8.569821,
      "ang_x": -0.338702261,
      "ang_x2": 0.005855496,
      "ang_x3": -3.73835E-05,
      "corr": 0.0,
      "corr_x": 0.0,
      "corr_x2": 0.0,
      "corr_x3": 0.0,
      "lin": 676.8101,
      "lin_x": -26.892128,
      "lin_x2": 0.464911968,
      "lin_x3": -0.002968162,
      "weightCurve": 250.0,
      "weightMin": -3.679,
      "weightMax": 286.307
    },
    {
      "chartName": "Hulless Barley",
      "grainName": "Hulless Barley",
      "grainType": "",
      "tableFile": "hulless_barley_tc.tbl",
      "weight": 225.0,
      "offsetMR": 0.0,
      "maximumMR": 79.5,
      "calibrationPoint": 53,
      "ME1": -0.0005,
      "ME2": 0.2664,
      "ME3": 7.4031,
      "TE1": -0.0826,
      "TE2": 1.6189,
      "minM": 7.4,
      "maxM": 25.9,
      "testWeight": 5.0,
      "indexMRCorrection": 1,
      "ang": 7.487837,
      "ang_x": -0.256405741,
      "ang_x2": 0.003810054,
      "ang_x3": -2.07562E-05,
      "corr": 0.0,
      "corr_x": 0.0,
      "corr_x2": 0.0,
      "corr_x3": 0.0,
      "lin": 476.5183,
      "lin_x": -14.4830656,
      "lin_x2": 0.215210736,
      "lin_x3": -0.001172411,
      "weightCurve": 225.0,
      "weightMin": -3.226,
      "weightMax": 272.576
    },
    {
      "chartName": "Light Weight Oats",
      "grainName": "Oats",
      "grainType": "Light Weight",
      "tableFile": "light_weight_oats_tc.tbl",
      "weight": 140.0,
      "offsetMR": 0.0,
      "maximumMR": 29.5,
      "calibrationPoint": 53,
      "ME1": 6E-05,
      "ME2": 0.3827,
      "ME3": 10.929,
      "TE1": -0.1326,
      "TE2": 2.6324,
      "minM": 10.4,
      "maxM": 23.5,
      "testWeight": 6.0,
      "indexMRCorrection": 30,
      "ang": 7.967174,
      "ang_x": -0.2956652,
      "ang_x2": 0.004846023,
      "ang_x3": -2.96016E-05,
      "corr": 0.0,
      "corr_x": 0.0,
      "corr_x2": 0.0,
      "corr_x3": 0.0,
      "lin": 458.207245,
      "lin_x": -17.0205212,
      "lin_x2": 0.2789704,
      "lin_x3": -0.001704072,
      "weightCurve": 140.0,
      "weightMin": -3.422,
      "weightMax": 197.652
    },
    {
      "chartName": "Oats Hulless",
      "grainName": "Oats",
      "grainType": "Hulless",
      "tableFile": "hulless_oats_tc.tbl",
      "weight": 200.0,
      "offsetMR": 0.0,
      "maximumMR": 40.5,
      "calibrationPoint": 53,
      "ME1": -0.0028,
      "ME2": 0.374,
      "ME3": 8.8951,
      "TE1": -0.086,
      "TE2": 1.7533,
      "minM": 7.6,
      "maxM": 20.3,
      "testWeight": 6.0,
      "indexMRCorrection": 29,
      "ang": 8.137912,
      "ang_x": -0.3081479,
      "ang_x2": 0.005148088,
      "ang_x3": -3.20216E-05,
      "corr": 0.0,
      "corr_x": 0.0,
      "corr_x2": 0.0,
      "corr_x3": 0.0,
      "lin": 600.5145,
      "lin_x": -22.0911732,
      "lin_x2": 0.369067281,
      "lin_x3": -0.002295637,
      "weightCurve": 200.0,
      "weightMin": -4.118,
      "weightMax": 273.11
    },
    {
      "chartName": "Otebo Beans",
      "grainName": "Otebo Beans",
      "grainType": "",
      "tableFile": "otebo_beans_tc.tbl",
      "weight": 250.0,
      "offsetMR": 0.0,
      "maximumMR": 99.5,
      "calibrationPoint": 53,
      "ME1": 0.0004,
      "ME2": 0.1096,
      "ME3": 10.243,
      "TE1": -0.1283,
      "TE2": 2.6195,
      "minM": 10.5,
      "maxM": 26.6,
      "testWeight": -1.0,
      "indexMRCorrection": 10,
      "ang": 7.47181654,
      "ang_x": -0.253235281,
      "ang_x2": 0.003696356,
      "ang_x3": -1.96493E-05,
      "corr": 0.0,
      "corr_x": 0.0,
      "corr_x2": 0.0,
      "corr_x3": 0.0,
      "lin": 437.063049,
      "lin_x": -12.2029028,
      "lin_x2": 0.178120017,
      "lin_x3": -0.00094686,
      "weightCurve": 250.0,
      "weightMin": -4.163,
      "weightMax": 294.704
    },
    {
      "chartName": "Pea Beans",
      "grainName": "Pea Beans",
      "grainType": "",
      "tableFile": "pea_beans_tc.tbl",
      "weight": 250.0,
      "offsetMR": 0.0,
      "maximumMR": 89.5,
      "calibrationPoint": 53,
      "ME1": 2E-07,
      "ME2": 0.145,
      "ME3": 9.7493,
      "TE1": -0.1143,
      "TE2": 2.3129,
      "minM": 10.1,
      "maxM": 23.8,
      "testWeight": -1.0,
      "indexMRCorrection": 35,
      "ang": 7.47181654,
      "ang_x": -0.253235281,
      "ang_x2": 0.003696356,
      "ang_x3": -1.96493E-05,
      "corr": 0.0,
      "corr_x": 0.0,
      "corr_x2": 0.0,
      "corr_x3": 0.0,
      "lin": 437.063049,
      "lin_x": -12.2029028,
      "lin_x2": 0.178120017,
      "lin_x3": -0.00094686,
      "weightCurve": 250.0,
      "weightMin": -4.163,
      "weightMax": 294.704
    },
    {
      "chartName": "Pinto Beans",
      "grainName": "Pinto Beans",
      "grainType": "",
      "tableFile": "pinto_beans_tc.tbl",
      "weight": 250.0,
      "offsetMR": 0.0,
      "maximumMR": 79.5,
      "calibrationPoint": 53,
      "ME1": -1E-06,
      "ME2": 0.1564,
      "ME3": 8.6368,
      "TE1": -0.1727,
      "TE2": 3.4955,
      "minM": 9.7,
      "maxM": 22.8,
      "testWeight": -1.0,
      "indexMRCorrection": 11,
      "ang": 8.446552,
      "ang_x": -0.328482419,
      "ang_x2": 0.005578952,
      "ang_x3": -3.49401E-05,
      "corr": 0.0,
      "corr_x": 0.0,
      "corr_x2": 0.0,
      "corr_x3": 0.0,
      "lin": 637.304443,
      "lin_x": -24.2071133,
      "lin_x2": 0.4111341,
      "lin_x3": -0.002574868,
      "weightCurve": 250.0,
      "weightMin": -3.908,
      "weightMax": 301.36
    },
    {
      "chartName": "Small Red Beans",
      "grainName": "Beans",
      "grainType": "Small Red",
      "tableFile": "small_red_beans_tc.tbl",
      "weight": 250.0,
      "offsetMR": 0.0,
      "maximumMR": 99.5,
      "calibrationPoint": 53,
      "ME1": -4E-07,
      "ME2": 0.1424,
      "ME3": 9.2204,
      "TE1": -0.1,
      "TE2": 2.0,
      "minM": 9.7,
      "maxM": 24.3,
      "testWeight": -1.0,
      "indexMRCorrection": 3,
      "ang": 7.47181654,
      "ang_x": -0.253235281,
      "ang_x2": 0.003696356,
      "ang_x3": -1.96493E-05,
      "corr": 0.0,
      "corr_x": 0.0,
      "corr_x2": 0.0,
      "corr_x3": 0.0,
      "lin": 437.063049,
      "lin_x": -12.2029028,
      "lin_x2": 0.178120017,
      "lin_x3": -0.00094686,
      "weightCurve": 250.0,
      "weightMin": -4.163,
      "weightMax": 294.704
    },
    {
      "chartName": "Split Peas Green and Yellow",
      "grainName": "Split Peas",
      "grainType": "Green and Yellow",
      "tableFile": "split_peas_green_and_yellow_tc.tbl",
      "weight": 250.0,
      "offsetMR": 0.0,
      "maximumMR": 74.5,
      "calibrationPoint": 53,
      "ME1": -0.0007,
      "ME2": 0.2126,
      "ME3": 6.9459,
      "TE1": -0.1244,
      "TE2": 2.5554,
      "minM": 8.0,
      "maxM": 20.0,
      "testWeight": -1.0,
      "indexMRCorrection": 44,
      "ang": 8.100704,
      "ang_x": -0.301747,
      "ang_x2": 0.004902791,
      "ang_x3": -2.93421E-05,
      "corr": 0.0,
      "corr_x": 0.0,
      "corr_x2": 0.0,
      "corr_x3": 0.0,
      "lin": 496.760651,
      "lin_x": -16.00532,
      "lin_x2": 0.260054767,
      "lin_x3": -0.001556369,
      "weightCurve": 250.0,
      "weightMin": -6.956,
      "weightMax": 341.496
    },
    {
      "chartName": "Safflower Seeds ",
      "grainName": "Safflower Seeds",
      "grainType": "",
      "tableFile": "safflower_seeds_tc.tbl",
      "weight": 150.0,
      "offsetMR": 0.0,
      "maximumMR": 84.5,
      "calibrationPoint": 73,
      "ME1": -0.0002,
      "ME2": 0.2154,
      "ME3": 7.0332,
      "TE1": -0.2372,
      "TE2": 4.888,
      "minM": 7.2,
      "maxM": 26.6,
      "testWeight": -1.0,
      "indexMRCorrection": 41,
      "ang": 9.709958,
      "ang_x": -0.418783933,
      "ang_x2": 0.007635091,
      "ang_x3": -4.99124E-05,
      "corr": 0.0,
      "corr_x": 0.0,
      "corr_x2": 0.0,
      "corr_x3": 0.0,
      "lin": 551.369446,
      "lin_x": -21.95264,
      "lin_x2": 0.4002312,
      "lin_x3": -0.002616405,
      "weightCurve": 150.0,
      "weightMin": -3.541,
      "weightMax": 193.053
    },
    {
      "chartName": "Eastern Red Wheat Canada",
      "grainName": "Wheat",
      "grainType": "Eastern Red Canada",
      "tableFile": "eastern_red_wheat_canada_tc.tbl",
      "weight": 250.0,
      "offsetMR": 0.0,
      "maximumMR": 70.5,
      "calibrationPoint": 53,
      "ME1": 2E-05,
      "ME2": 0.2095,
      "ME3": 5.3414,
      "TE1": -0.1,
      "TE2": 2.0,
      "minM": 9.2,
      "maxM": 21.1,
      "testWeight": -1.0,
      "indexMRCorrection": 48,
      "ang": 7.96590042,
      "ang_x": -0.295940667,
      "ang_x2": 0.004861836,
      "ang_x3": -2.98032E-05,
      "corr": 0.0,
      "corr_x": 0.0,
      "corr_x2": 0.0,
      "corr_x3": 0.0,
      "lin": 668.6467,
      "lin_x": -25.1092148,
      "lin_x2": 0.412504554,
      "lin_x3": -0.00252866722,
      "weightCurve": 250.0,
      "weightMin": -5.1657,
      "weightMax": 335.49
    },
    {
      "chartName": "Eastern Red Spring Wheat Canada",
      "grainName": "Wheat",
      "grainType": "Eastern Red Spring Canada",
      "tableFile": "eastern_red_spring_wheat_canada_tc.tbl",
      "weight": 250.0,
      "offsetMR": 0.0,
      "maximumMR": 82.0,
      "calibrationPoint": 53,
      "ME1": 8E-06,
      "ME2": 0.2169,
      "ME3": 5.1859,
      "TE1": -0.0893,
      "TE2": 1.8011,
      "minM": 9.2,
      "maxM": 23.8,
      "testWeight": -1.0,
      "indexMRCorrection": 50,
      "ang": 7.705723,
      "ang_x": -0.276225358,
      "ang_x2": 0.00436776038,
      "ang_x3": -2.57083E-05,
      "corr": 0.0,
      "corr_x": 0.0,
      "corr_x2": 0.0,
      "corr_x3": 0.0,
      "lin": 646.571838,
      "lin_x": -23.43646,
      "lin_x2": 0.370584548,
      "lin_x3": -0.00218122778,
      "weightCurve": 250.0,
      "weightMin": -5.1657,
      "weightMax": 335.49
    },
    {
      "chartName": "Eastern Soft Red Winter Wheat Canada",
      "grainName": "Wheat",
      "grainType": "Eastern Soft Red Winter Canada",
      "tableFile": "eastern_soft_red_winter_wheat_canada_tc.tbl",
      "weight": 250.0,
      "offsetMR": 0.0,
      "maximumMR": 82.0,
      "calibrationPoint": 53,
      "ME1": 6E-05,
      "ME2": 0.1918,
      "ME3": 5.6921,
      "TE1": -0.0874,
      "TE2": 1.7411,
      "minM": 9.1,
      "maxM": 22.6,
      "testWeight": -1.0,
      "indexMRCorrection": 51,
      "ang": 7.705723,
      "ang_x": -0.276225358,
      "ang_x2": 0.00436776038,
      "ang_x3": -2.57083E-05,
      "corr": 0.0,
      "corr_x": 0.0,
      "corr_x2": 0.0,
      "corr_x3": 0.0,
      "lin": 646.571838,
      "lin_x": -23.43646,
      "lin_x2": 0.370584548,
      "lin_x3": -0.00218122778,
      "weightCurve": 250.0,
      "weightMin": -5.1657,
      "weightMax": 335.49
    },
    {
      "chartName": "Eastern White Winter Wheat Canada",
      "grainName": "Wheat",
      "grainType": "Eastern White Winter Canada",
      "tableFile": "eastern_white_winter_wheat_canada_tc.tbl",
      "weight": 250.0,
      "offsetMR": 0.0,
      "maximumMR": 82.0,
      "calibrationPoint": 53,
      "ME1": -2E-06,
      "ME2": 0.196,
      "ME3": 5.6485,
      "TE1": -0.0893,
      "TE2": 1.8011,
      "minM": 7.7,
      "maxM": 22.5,
      "testWeight": -1.0,
      "indexMRCorrection": 52,
      "ang": 7.97542334,
      "ang_x": -0.295170158,
      "ang_x2": 0.00480715744,
      "ang_x3": -2.90749E-05,
      "corr": 0.0,
      "corr_x": 0.0,
      "corr_x2": 0.0,
      "corr_x3": 0.0,
      "lin": 669.4547,
      "lin_x": -25.0438385,
      "lin_x2": 0.407865375,
      "lin_x3": -0.0024668707,
      "weightCurve": 250.0,
      "weightMin": -5.1657,
      "weightMax": 335.49
    },
    {
      "chartName": "Northern Hard Red Wheat Canada",
      "grainName": "Wheat",
      "grainType": "Northern Hard Red Canada",
      "tableFile": "hard_red_spring_morethan66kgperhl.tbl",
      "weight": 250.0,
      "offsetMR": 0.0,
      "maximumMR": 84.5,
      "calibrationPoint": 53,
      "ME1": 4E-06,
      "ME2": 0.2128,
      "ME3": 5.084,
      "TE1": -0.0874,
      "TE2": 1.7411,
      "minM": 7.4,
      "maxM": 23.9,
      "testWeight": 10.0,
      "indexMRCorrection": 56,
      "ang": 7.92725229,
      "ang_x": -0.2914786,
      "ang_x2": 0.004714002,
      "ang_x3": -2.83007E-05,
      "corr": 0.0,
      "corr_x": 0.0,
      "corr_x2": 0.0,
      "corr_x3": 0.0,
      "lin": 665.367554,
      "lin_x": -24.730629,
      "lin_x2": 0.399961561,
      "lin_x3": -0.00240118848,
      "weightCurve": 250.0,
      "weightMin": -5.1657,
      "weightMax": 335.49
    },
    {
      "chartName": "Canada Prairie Spring Red/White Wheat",
      "grainName": "Wheat",
      "grainType": "Canada Prairie Spring Red/White",
      "tableFile": "canada_prairie_spring_red_wheat_canada_prairie_spring_white_wheat_tc.tbl",
      "weight": 250.0,
      "offsetMR": 0.0,
      "maximumMR": 89.5,
      "calibrationPoint": 53,
      "ME1": -2E-06,
      "ME2": 0.2044,
      "ME3": 5.606,
      "TE1": -0.0794,
      "TE2": 1.5677,
      "minM": 8.9,
      "maxM": 24.6,
      "testWeight": -1.0,
      "indexMRCorrection": 53,
      "ang": 7.619083,
      "ang_x": -0.26946938,
      "ang_x2": 0.00419516535,
      "ang_x3": -2.42623E-05,
      "corr": 0.0,
      "corr_x": 0.0,
      "corr_x2": 0.0,
      "corr_x3": 0.0,
      "lin": 639.2208,
      "lin_x": -22.863245,
      "lin_x2": 0.35594064,
      "lin_x3": -0.00205854583,
      "weightCurve": 250.0,
      "weightMin": -5.1657,
      "weightMax": 335.49
    },
    {
      "chartName": "Western Hard White Spring Wheat",
      "grainName": "Wheat",
      "grainType": "Western Hard White Spring",
      "tableFile": "western_hard_white_spring_wheat_tc.tbl",
      "weight": 250.0,
      "offsetMR": 0.0,
      "maximumMR": 77.0,
      "calibrationPoint": 53,
      "ME1": 1E-06,
      "ME2": 0.2269,
      "ME3": 4.7423,
      "TE1": -0.0901,
      "TE2": 1.8265,
      "minM": 7.2,
      "maxM": 23.0,
      "testWeight": -1.0,
      "indexMRCorrection": 54,
      "ang": 8.099042,
      "ang_x": -0.304739535,
      "ang_x2": 0.005051329,
      "ang_x3": -3.11286E-05,
      "corr": 0.0,
      "corr_x": 0.0,
      "corr_x2": 0.0,
      "corr_x3": 0.0,
      "lin": 679.9432,
      "lin_x": -25.8557587,
      "lin_x2": 0.4285822,
      "lin_x3": -0.0026411172,
      "weightCurve": 250.0,
      "weightMin": -5.1657,
      "weightMax": 335.49
    },
    {
      "chartName": "Eastern Hard Red Winter Wheat Canada",
      "grainName": "Wheat",
      "grainType": "Eastern Hard Red Winter Canada",
      "tableFile": "eastern_hard_red_winter_wheat_canada_tc.tbl",
      "weight": 250.0,
      "offsetMR": 0.0,
      "maximumMR": 82.0,
      "calibrationPoint": 53,
      "ME1": 5E-06,
      "ME2": 0.1954,
      "ME3": 5.618,
      "TE1": -0.088,
      "TE2": 1.7499,
      "minM": 9.1,
      "maxM": 22.5,
      "testWeight": -1.0,
      "indexMRCorrection": 47,
      "ang": 7.705723,
      "ang_x": -0.276225358,
      "ang_x2": 0.00436776038,
      "ang_x3": -2.57083E-05,
      "corr": 0.0,
      "corr_x": 0.0,
      "corr_x2": 0.0,
      "corr_x3": 0.0,
      "lin": 646.571838,
      "lin_x": -23.43646,
      "lin_x2": 0.370584548,
      "lin_x3": -0.00218122778,
      "weightCurve": 250.0,
      "weightMin": -5.1657,
      "weightMax": 335.49
    },
    {
      "chartName": "Soft White Spring Wheat",
      "grainName": "Wheat",
      "grainType": "Soft White Spring",
      "tableFile": "soft_white_spring_wheat_tc.tbl",
      "weight": 250.0,
      "offsetMR": 0.0,
      "maximumMR": 69.5,
      "calibrationPoint": 53,
      "ME1": 5E-06,
      "ME2": 0.216,
      "ME3": 5.1285,
      "TE1": -0.0932,
      "TE2": 1.8247,
      "minM": 7.4,
      "maxM": 21.0,
      "testWeight": -1.0,
      "indexMRCorrection": 57,
      "ang": 8.30926,
      "ang_x": -0.321312279,
      "ang_x2": 0.005482775,
      "ang_x3": -3.48378E-05,
      "corr": 0.0,
      "corr_x": 0.0,
      "corr_x2": 0.0,
      "corr_x3": 0.0,
      "lin": 696.918762,
      "lin_x": -27.21474,
      "lin_x2": 0.464384079,
      "lin_x3": -0.002950713,
      "weightCurve": 250.0,
      "weightMin": -5.1657,
      "weightMax": 335.49
    },
    {
      "chartName": "Western Winter Wheat",
      "grainName": "Wheat",
      "grainType": "Western Winter",
      "tableFile": "western_winter_wheat_tc.tbl",
      "weight": 250.0,
      "offsetMR": 0.0,
      "maximumMR": 72.0,
      "calibrationPoint": 53,
      "ME1": 6E-06,
      "ME2": 0.213,
      "ME3": 5.0231,
      "TE1": -0.0938,
      "TE2": 1.8571,
      "minM": 7.3,
      "maxM": 21.2,
      "testWeight": -1.0,
      "indexMRCorrection": 58,
      "ang": 8.228455,
      "ang_x": -0.3148909,
      "ang_x2": 0.0053141797,
      "ang_x3": -3.33753E-05,
      "corr": 0.0,
      "corr_x": 0.0,
      "corr_x2": 0.0,
      "corr_x3": 0.0,
      "lin": 690.0746,
      "lin_x": -26.6708565,
      "lin_x2": 0.450104266,
      "lin_x3": -0.00282684248,
      "weightCurve": 250.0,
      "weightMin": -5.1657,
      "weightMax": 335.49
    },
    {
      "chartName": "Barley Light Weight",
      "grainName": "Barley",
      "grainType": "Light Weight",
      "tableFile": "barley_testweightlessthan52kgperhl_tc.tbl",
      "weight": 200.0,
      "offsetMR": 0.0,
      "maximumMR": 79.5,
      "calibrationPoint": 53,
      "ME1": 1E-06,
      "ME2": 0.2409,
      "ME3": 10.205,
      "TE1": -0.0911,
      "TE2": 1.7781,
      "minM": 11.7,
      "maxM": 30.2,
      "testWeight": 1.0,
      "indexMRCorrection": 2,
      "ang": 8.851953,
      "ang_x": -0.3646125,
      "ang_x2": 0.006626517,
      "ang_x3": -4.48405E-05,
      "corr": 0.0,
      "corr_x": 0.0,
      "corr_x2": 0.0,
      "corr_x3": 0.0,
      "lin": 673.2015,
      "lin_x": -27.7724686,
      "lin_x2": 0.504740655,
      "lin_x3": -0.003415493,
      "weightCurve": 200.0,
      "weightMin": -2.5634,
      "weightMax": 301.994
    },
    {
      "chartName": "Canary Seeds",
      "grainName": "Canary Seeds",
      "grainType": "",
      "tableFile": "canary_seeds_dt_cgc_chart_is_not_on_the_website.tbl",
      "weight": 250.0,
      "offsetMR": 0.0,
      "maximumMR": 43.0,
      "calibrationPoint": 53,
      "ME1": 5E-06,
      "ME2": 0.2143,
      "ME3": 6.0864,
      "TE1": -0.0973,
      "TE2": 1.9545,
      "minM": 7.0,
      "maxM": 16.2,
      "testWeight": -1.0,
      "indexMRCorrection": 17,
      "ang": 8.169419,
      "ang_x": -0.306236148,
      "ang_x2": 0.0049972,
      "ang_x3": -2.9981E-05,
      "corr": 0.0,
      "corr_x": 0.0,
      "corr_x2": 0.0,
      "corr_x3": 0.0,
      "lin": 615.8829,
      "lin_x": -22.57109,
      "lin_x2": 0.3683179,
      "lin_x3": -0.002209749,
      "weightCurve": 250.0,
      "weightMin": -2.147,
      "weightMax": 257.671
    },
    {
      "chartName": "Corn High Moisture",
      "grainName": "Corn",
      "grainType": "High Moisture",
      "tableFile": "corn_high_moisture_tc.tbl",
      "weight": 175.0,
      "offsetMR": 0.0,
      "maximumMR": 64.5,
      "calibrationPoint": 53,
      "ME1": -1E-05,
      "ME2": 0.384,
      "ME3": 10.598,
      "TE1": -0.1206,
      "TE2": 2.4323,
      "minM": 20.0,
      "maxM": 36.4,
      "testWeight": 3.0,
      "indexMRCorrection": 20,
      "ang": 6.874228,
      "ang_x": -0.21698451,
      "ang_x2": 0.002983515,
      "ang_x3": -1.50918E-05,
      "corr": 0.0,
      "corr_x": 0.0,
      "corr_x2": 0.0,
      "corr_x3": 0.0,
      "lin": 720.186951,
      "lin_x": -23.3272247,
      "lin_x2": 0.3207469,
      "lin_x3": -0.001622463,
      "weightCurve": 175.0,
      "weightMin": -3.0504,
      "weightMax": 307.331
    },
    {
      "chartName": "Extra Strong Red Spring Wheat",
      "grainName": "Wheat",
      "grainType": "Extra Strong Red Spring",
      "tableFile": "extra_strong_red_spring_wheat_tc.tbl",
      "weight": 250.0,
      "offsetMR": 0.0,
      "maximumMR": 69.5,
      "calibrationPoint": 53,
      "ME1": 2E-06,
      "ME2": 0.2216,
      "ME3": 4.763,
      "TE1": -0.0944,
      "TE2": 1.8594,
      "minM": 7.1,
      "maxM": 21.0,
      "testWeight": -1.0,
      "indexMRCorrection": 49,
      "ang": 8.309188,
      "ang_x": -0.321322173,
      "ang_x2": 0.00548341358,
      "ang_x3": -3.48463E-05,
      "corr": 0.0,
      "corr_x": 0.0,
      "corr_x2": 0.0,
      "corr_x3": 0.0,
      "lin": 697.7731,
      "lin_x": -27.2627182,
      "lin_x2": 0.465242624,
      "lin_x3": -0.00295654871,
      "weightCurve": 250.0,
      "weightMin": -5.1657,
      "weightMax": 335.49
    },
    {
      "chartName": "Flaxseed",
      "grainName": "Flaxseed",
      "grainType": "",
      "tableFile": "flaxseed_tc.tbl",
      "weight": 225.0,
      "calibrationPoint": 53,
      "offsetMR": 0.0,
      "maximumMR": 70.5,
      "ME1": -0.0005,
      "ME2": 0.1527,
      "ME3": 6.6412,
      "TE1": -0.0755,
      "TE2": 1.5075,
      "minM": 6.2,
      "maxM": 15.8,
      "testWeight": 4.0,
      "indexMRCorrection": 23,
      "ang": 8.584734,
      "ang_x": -0.33953768,
      "ang_x2": 0.005868498,
      "ang_x3": -3.74237E-05,
      "corr": 0.0,
      "corr_x": 0.0,
      "corr_x2": 0.0,
      "corr_x3": 0.0,
      "lin": 603.921753,
      "lin_x": -23.3349152,
      "lin_x2": 0.403315783,
      "lin_x3": -0.002571965,
      "weightCurve": 225.0,
      "weightMin": -1.7671,
      "weightMax": 253.19
    },
    {
      "chartName": "Hemp",
      "grainName": "Hemp",
      "grainType": "",
      "tableFile": "hemp_dt__cgc_chart_is_not_on_the_website.tbl",
      "weight": 175.0,
      "offsetMR": 20.0,
      "maximumMR": 0.0,
      "calibrationPoint": 73,
      "ME1": 3E-05,
      "ME2": 0.1881,
      "ME3": 6.4369,
      "TE1": -0.1,
      "TE2": 2.0,
      "minM": 0.5,
      "maxM": 99.5,
      "testWeight": -1.0,
      "indexMRCorrection": 24,
      "ang": 7.820135,
      "ang_x": -0.274031579,
      "ang_x2": 0.004090442,
      "ang_x3": -2.20306E-05,
      "corr": 0.0,
      "corr_x": 0.0,
      "corr_x2": 0.0,
      "corr_x3": 0.0,
      "lin": 374.820221,
      "lin_x": -12.4107952,
      "lin_x2": 0.185254678,
      "lin_x3": -0.000997756,
      "weightCurve": 175.0,
      "weightMin": -4.1084,
      "weightMax": 244.553
    },
    {
      "chartName": "Solin",
      "grainName": "Solin",
      "grainType": "",
      "tableFile": "solin_dt_cgc_chart_is_not_on_the_website.tbl",
      "weight": 225.0,
      "offsetMR": 0.0,
      "maximumMR": 70.5,
      "calibrationPoint": 53,
      "ME1": -0.0005,
      "ME2": 0.1527,
      "ME3": 6.6412,
      "TE1": -0.0755,
      "TE2": 1.5075,
      "minM": 6.2,
      "maxM": 15.8,
      "testWeight": -1.0,
      "indexMRCorrection": 42,
      "ang": 8.584734,
      "ang_x": -0.33953768,
      "ang_x2": 0.005868498,
      "ang_x3": -3.74237E-05,
      "corr": 0.0,
      "corr_x": 0.0,
      "corr_x2": 0.0,
      "corr_x3": 0.0,
      "lin": 603.921753,
      "lin_x": -23.3349152,
      "lin_x2": 0.403315783,
      "lin_x3": -0.002571965,
      "weightCurve": 225.0,
      "weightMin": -1.7671,
      "weightMax": 253.19
    },
    {
      "chartName": "Triticale",
      "grainName": "Triticale",
      "grainType": "",
      "tableFile": "triticale_tc.tbl",
      "weight": 250.0,
      "offsetMR": 0.0,
      "maximumMR": 89.5,
      "calibrationPoint": 53,
      "ME1": 5E-06,
      "ME2": 0.2028,
      "ME3": 6.327,
      "TE1": -0.0794,
      "TE2": 1.5877,
      "minM": 9.6,
      "maxM": 25.2,
      "testWeight": -1.0,
      "indexMRCorrection": 45,
      "ang": 7.97542334,
      "ang_x": -0.295170158,
      "ang_x2": 0.00480715744,
      "ang_x3": -2.90749E-05,
      "corr": 0.0,
      "corr_x": 0.0,
      "corr_x2": 0.0,
      "corr_x3": 0.0,
      "lin": 669.4547,
      "lin_x": -25.0438385,
      "lin_x2": 0.407865375,
      "lin_x3": -0.0024668707,
      "weightCurve": 250.0,
      "weightMin": -5.1657,
      "weightMax": 335.49
    },
    {
      "chartName": "White Kidney Beans",
      "grainName": "Beans",
      "grainType": "White Kidney",
      "tableFile": "white_kidney_beans_tc.tbl",
      "weight": 250.0,
      "offsetMR": 0.0,
      "maximumMR": 89.5,
      "calibrationPoint": 53,
      "ME1": 0.0005,
      "ME2": 0.11,
      "ME3": 10.089,
      "TE1": -0.1548,
      "TE2": 3.1586,
      "minM": 11.0,
      "maxM": 25.3,
      "testWeight": -1.0,
      "indexMRCorrection": 8,
      "ang": 7.47181654,
      "ang_x": -0.253235281,
      "ang_x2": 0.003696356,
      "ang_x3": -1.96493E-05,
      "corr": 0.0,
      "corr_x": 0.0,
      "corr_x2": 0.0,
      "corr_x3": 0.0,
      "lin": 437.063049,
      "lin_x": -12.2029028,
      "lin_x2": 0.178120017,
      "lin_x3": -0.00094686,
      "weightCurve": 250.0,
      "weightMin": -4.163,
      "weightMax": 294.704
    }
  ]
}